amount,currency,payer_account_number,beneficiary_account_number,payer_country_code,beneficiary_country_code,transaction_timestamp
3383.64,EUR,HU28EXDV9600133890,FR71GWUW3794026542351161,HU,FR,2025-07-10T05:06:54Z
769.08,DKK,GB93ORDM8495931034,GB10HDMI5255341928327648,GB,GB,2025-02-03T17:58:29Z
4627.42,CAD,IE29BZKM13953767242388,RO33XSNS5328710122691669,IE,RO,2025-02-13T10:45:32Z
8858.91,JPY,AU87XDVR51462704828148,SE77GELY880957015430,AU,SE,2025-01-09T22:01:18Z
224.86,USD,IE08YRYE782489638346,PL85ULOQ1331509839301031,IE,PL,2026-01-13T11:31:07Z
1805.67,USD,BE85PGRE3763116566701065,CH13HGGR2624731781080132,BE,CH,2025-08-05T07:11:32Z
602.19,NOK,CA07FMAM74687234309805,NO07BSPQ081219136193,CA,NO,2025-11-08T11:55:58Z
2415.89,EUR,PL84SSQK35346247510799,CZ12CRGQ25135427849808,PL,CZ,2025-11-22T14:55:07Z
6990.34,USD,AT33DDXR449353487401,RO81NIBA24278680112805,AT,RO,2025-04-15T07:22:04Z
1405.36,GBP,PL39LZBL315869232260,DK22XKZN421607337543,PL,DK,2025-02-02T11:44:47Z
537.48,PLN,IE35CYIL8501429401965569,NL65DMSG06088356159514,IE,NL,2025-09-12T23:14:46Z
1313.28,PLN,SE89JREG6299468044369957,AT56OVGQ2148951343320037,SE,AT,2025-11-09T13:17:12Z
1338.97,NOK,CZ73GWWM6320163287083172,DE59VQRT79868727743487,CZ,DE,2026-05-05T03:40:39Z
1449.98,JPY,HU30IKKR2236231665,IE69ONBG6909670546688937,HU,IE,2025-08-10T22:21:31Z
1663.09,AUD,IE43VVZM729806990162,LU59FBIM37556464170805,IE,LU,2025-10-30T00:49:25Z
3800.37,USD,IE96AHGA327193745299,HU95WDYF19049663193149,IE,HU,2025-02-01T06:27:57Z
105.84,HUF,FR54VLCQ06716572628498,PL99PONX53147379965075,FR,PL,2026-02-18T19:05:28Z
1096.58,CHF,IT43ITWI8313678377,NO57ZACJ634957885685,IT,NO,2025-07-20T16:02:16Z
790.92,NOK,GB29DXGK8233749894,BG12GJHL408240084271,GB,BG,2025-07-15T06:30:15Z
1585.35,JPY,NL43FBIP1671902294,PL10HDRY9993867749649909,NL,PL,2025-12-09T02:56:00Z
593.55,PLN,FR20HFRC067974034471,PT87HIZZ618324210249,FR,PT,2025-03-05T01:26:38Z
332.98,NOK,PL89MIQR7190659401399049,AT05YYFP4296717565512567,PL,AT,2025-08-25T04:40:14Z
4200.20,AUD,AT04OCKI16808760385977,RO97BGIR477109324808,AT,RO,2026-03-04T06:32:38Z
12153.46,CHF,CA59DUEP84677378263982,DE08IYZN84044997278755,CA,DE,2025-03-30T03:04:06Z
1520.01,AUD,DK24WHSM605766270289,DK42DODQ0262174596158657,DK,DK,2025-09-07T22:21:52Z
178.19,DKK,DK87JHXC1172400504556238,BE52SVZF219693792374,DK,BE,2026-05-06T05:41:38Z
24.60,PLN,AU36VRFC5946474367136959,LU37WJAV4090974395339421,AU,LU,2025-12-28T08:56:57Z
924.80,EUR,HU04SLXE4562328588,HU34FIPZ51712368516048,HU,HU,2025-12-09T09:32:23Z
2794.18,CAD,FR74MULD709859317461,AU17BBJP1382675869,FR,AU,2025-07-23T15:02:34Z
261.69,PLN,ES78NIBW37735158506431,CA58CVGU0532931839,ES,CA,2026-01-16T02:05:23Z
3723.13,CAD,PT00IEER21020539502402,IE94NQDX7758917839,PT,IE,2026-04-08T21:54:10Z
898.52,SEK,BE07PMNV7711592124,RO79USRW69847896118367,BE,RO,2025-01-25T04:41:24Z
4393.22,CAD,IE53XDKN45271111615280,CA75RRKV6560494519,IE,CA,2025-11-06T16:52:09Z
2674.14,GBP,SE13LRLD93689980940244,PT43LAFE1201836675254599,SE,PT,2025-06-24T04:13:38Z
429.19,GBP,DE06VCIO7976438156149784,BE05HMTB3432445107,DE,BE,2026-04-25T21:20:18Z
1196.93,GBP,CA64RVZL6060715969,IT51WUNJ6052975161,CA,IT,2025-06-28T17:34:28Z
1279.94,DKK,IE50JXKH21818835523124,CA25FTEY2779979955,IE,CA,2025-03-03T02:05:16Z
1583.11,USD,ES38ZISB81477005411998,AU49OSRZ7935978207,ES,AU,2026-05-06T09:52:18Z
221.25,CZK,FR05HWOO554665905151,CH71VMJI519254629148,FR,CH,2025-05-15T00:43:52Z
996.52,HUF,US85WXVQ6850542357,HU24HEEC18880592962229,US,HU,2025-04-10T06:14:54Z
1323.72,EUR,IT56TJYX3834735977468862,AU25ZTEI7581814124,IT,AU,2025-07-04T11:53:01Z
4446.33,GBP,AU28OLAN6853615305,SE12WUKZ204727790104,AU,SE,2025-03-13T05:39:53Z
7043.96,SEK,PT67NDYJ410369711798,ES02UQSH460953962185,PT,ES,2026-04-18T22:20:51Z
1770.78,SEK,DE70AMPB5405153195205852,SE99VOWP217043030548,DE,SE,2026-01-30T06:46:15Z
731.28,NOK,US36LYBU41566765277584,DK10XNCN845115447962,US,DK,2025-05-29T10:25:34Z
1482.58,CAD,BG78NIUZ1658202970,AU16CHYU56909275571928,BG,AU,2025-10-01T20:10:54Z
2622.42,CAD,GB14AXFP8144739473121727,US11ZVKV18844225831323,GB,US,2025-07-13T21:05:54Z
2019.71,CAD,NO59ZRET1467866912,NL40UCOO28922680182422,NO,NL,2025-10-14T13:00:09Z
1062.71,CHF,CH36CIGU24981829922995,BG72BACB39690784473647,CH,BG,2026-02-08T00:57:21Z
431.18,EUR,DE61OGKT555625881537,BG15IOHE0469632595,DE,BG,2025-11-19T19:45:03Z
13785.61,NOK,PT63JPAC8733950047974801,IT55EIXL5060983584168784,PT,IT,2025-12-29T14:03:52Z
317.21,DKK,CZ50LZKR23986800025787,RO19TQEK26949588879470,CZ,RO,2025-03-17T02:16:24Z
291.22,PLN,GB74JZXW9749930972,CH67UXTY2309130756263689,GB,CH,2025-11-20T12:52:24Z
372.49,CZK,NO71KVPQ5278585497334843,BE38YJWG5758441986652404,NO,BE,2025-06-11T01:07:46Z
6443.87,CAD,BG95PGGR84219933083301,DE52KWPD082677345401,BG,DE,2025-07-19T04:27:43Z
1916.11,CHF,HU22NFBM2400499154788728,PL59IGZD27420549329668,HU,PL,2025-01-29T23:17:22Z
2767.03,AUD,CH17PKHA63745499045301,DE59JFMV14593327279568,CH,DE,2025-05-24T12:34:16Z
2728.31,HUF,NO97HVYT8785191088,DK25SREF87139718707286,NO,DK,2025-06-19T15:29:15Z
2046.63,EUR,AU92AMIA910651801704,PL52FYEY5676618251286823,AU,PL,2025-08-28T08:41:49Z
1555.41,JPY,NL54RMHH5243106903311907,NL76VWBH6738302843,NL,NL,2026-02-27T21:11:48Z
2278.75,DKK,PL30JEVQ644089268705,CH82VMZQ66246287334270,PL,CH,2025-09-07T01:37:51Z
2038.08,AUD,DK49HIGK7518304699,CA05CGZY735403317393,DK,CA,2025-04-15T03:40:12Z
971.10,SEK,US48ORUL45877175355609,IE28XEAI4235369378547772,US,IE,2025-08-08T20:36:21Z
3186.22,GBP,GB23RUBQ1006231203,IT64OLBT7008860084840862,GB,IT,2026-01-15T06:52:33Z
404.06,SEK,FR79QILI1567933410166687,FR07UAWF7659180339,FR,FR,2025-05-30T01:52:22Z
6448.80,EUR,NO69SVBF03926142939685,LU49YXEZ8501631599,NO,LU,2025-08-06T18:31:54Z
988.71,HUF,CZ34ZOPH86629619431142,US48WZUE5511047541212678,CZ,US,2026-05-08T12:54:30Z
273.57,AUD,DK45RCTT60466183982622,SE34JIPE2646471543,DK,SE,2025-03-11T14:36:58Z
2398.14,DKK,HU13EJAM96575692459375,NO22MKJX9356465193982807,HU,NO,2025-12-22T15:09:34Z
3995.83,NOK,BG52VPEU34266179796886,PT69BZLW1352909656,BG,PT,2025-02-23T17:12:39Z
749.50,USD,FR95QRSW756798250714,NL53CDXE45738757177514,FR,NL,2026-02-01T15:41:42Z
58.11,USD,BE82DVZF828258673622,BG81VNMA796603341918,BE,BG,2025-09-24T11:26:11Z
549.73,CAD,IT33VPQU96969155792499,GB10VEKD412528669296,IT,GB,2025-03-30T12:16:28Z
2524.08,NOK,CA71FPJE579050723688,IT83PNVP7721903404384279,CA,IT,2025-05-15T13:19:50Z
301.37,SEK,NO34YRLR7836134074,DK44CODY395962923309,NO,DK,2025-03-30T16:57:58Z
2272.16,JPY,GB41WJJS81260422325367,DK18SUIU6711684577590175,GB,DK,2025-05-11T18:46:53Z
615.21,AUD,DE27PIKJ89297500170127,DK58ANGW424154152064,DE,DK,2025-11-30T17:07:40Z
2665.05,AUD,BG00GPCE870051627136,IE11XZDD54262218909275,BG,IE,2025-03-15T22:21:08Z
411.34,CZK,PT78VOGC2196565234,HU82CHRT04389836403761,PT,HU,2025-11-16T18:49:43Z
2254.07,PLN,IE01LKEM5827109104300684,NO80WQYN6188924141832856,IE,NO,2026-02-15T07:58:26Z
4498.36,HUF,PL39WNXH3161799042,HU15AWEW2758842524,PL,HU,2025-02-21T08:28:28Z
4115.06,CAD,FR67CIWS7785079252,NL32YDSV3800030756,FR,NL,2025-07-31T06:05:08Z
8069.67,BGN,ES70ZWXU3536541951802380,IT51COJY51870534949375,ES,IT,2025-01-28T11:13:29Z
3740.00,HUF,PL97ZHEA0385050641383670,NO18WICB865719182619,PL,NO,2026-03-01T12:36:09Z
2716.06,AUD,PL30JIKZ5574313291212775,BE52DRLY747411249035,PL,BE,2025-04-12T12:34:44Z
714.27,CZK,ES50QBVJ20678831712100,DE99HEGM19941013721510,ES,DE,2025-10-04T07:31:32Z
6447.89,GBP,AU92MPAM2532447209993476,BE70PBCI2638380657875985,AU,BE,2025-12-03T10:37:12Z
67.02,GBP,US28AZYI7859321334,LU68ZXBY965223955905,US,LU,2026-04-09T19:03:20Z
2071.18,GBP,PL63RJFP1039308705,PL78GZEK500292185156,PL,PL,2025-05-27T04:55:47Z
899.00,CAD,PL20XNZU5289539264422096,FR98SBFT93917251355215,PL,FR,2025-04-16T23:38:36Z
589.31,JPY,AU44IZDX0676267658,NL48DPZS271040541152,AU,NL,2025-02-22T15:47:10Z
195.91,CZK,US43TTPW6296201533,IT52WRXX44310698720506,US,IT,2025-03-14T07:35:49Z
2712.92,RON,DE61GDAG417146774186,AT23LMLF0477434902115869,DE,AT,2026-04-12T04:49:42Z
4594.94,EUR,IE53RVPS741608989921,DK96OFFG206163294511,IE,DK,2026-02-10T21:38:22Z
2008.71,AUD,US66OAZW1622999119148564,DK49UPST0246299606530745,US,DK,2025-08-03T12:45:23Z
3946.48,RON,NL35PWVD247546913736,CH94PYQL8214862890,NL,CH,2025-08-30T12:30:54Z
4474.35,BGN,IT31BOBL457861035797,PT22PSRL24140602933334,IT,PT,2025-02-14T18:15:17Z
51.64,SEK,HU60EUFT3494466574,CA27OJVQ9108589944171545,HU,CA,2025-01-07T21:52:13Z
3105.13,PLN,LU24EQYH9652074466,LU49XBSW538758428241,LU,LU,2025-08-21T01:52:12Z
749.21,CZK,NO97FVKU3534655494,ES59DPBU7381684602,NO,ES,2026-03-11T05:06:19Z
1316.66,CAD,ES58EKWF7525007432,PT73YFPZ2966667600,ES,PT,2026-03-19T06:27:07Z
1168.43,CZK,DK41YQGA3354216894,PT21CBJJ8985625753260332,DK,PT,2025-01-11T22:24:59Z
1757.14,DKK,PT46WUZB4890901001676184,NL60WEGW4618499261,PT,NL,2025-04-06T15:54:20Z
831.68,USD,SE63GTGY83564208737530,CZ01VCDS2181143744701204,SE,CZ,2025-03-24T12:53:56Z
1388.79,CAD,GB12YBAE557941552166,RO58IMWP2120216979729659,GB,RO,2025-04-01T00:33:08Z
4559.69,BGN,NL61PDNO1450899358,RO66WWTD3756289002877217,NL,RO,2025-04-12T11:35:30Z
8779.51,CAD,CH64HRUM3177971775170166,IE04RRAC88375503758997,CH,IE,2025-02-09T02:36:19Z
3147.19,CAD,BG12YVHA54885102726149,RO25GDMG3516091779827080,BG,RO,2025-03-30T13:32:58Z
2200.42,RON,DK99FWSF169958669346,CA43JOZE698485833394,DK,CA,2026-01-30T20:00:43Z
2790.70,BGN,RO64RWUK5879968460,GB66DAME0342442043,RO,GB,2025-05-19T02:40:08Z
4206.37,CAD,DK78VXRH3840666580043973,BE81WWUL347212281606,DK,BE,2025-03-21T14:21:56Z
349.35,JPY,LU32AKOW025909479851,DK90KQHF8268861533,LU,DK,2026-03-30T14:17:20Z
1119.84,CAD,RO96TQPR1573993056,CH14MIRX08588770435811,RO,CH,2025-06-19T16:06:54Z
19.39,SEK,IT26VUYG1386120750110248,DK09SHIN7665061809190158,IT,DK,2025-02-20T20:28:59Z
2895.94,HUF,FR11JYOM0728326842450882,AT15BAST8814353682223943,FR,AT,2026-04-17T03:12:24Z
4020.35,PLN,FR96ROUR4141397552,IT85UHDJ3577594929,FR,IT,2025-02-12T05:52:17Z
951.71,HUF,PL21AKHZ645257775478,GB13FUTC28341108099693,PL,GB,2025-11-29T16:13:42Z
1961.25,JPY,BE60UYEL3942788165803928,DK17OFFS750373145303,BE,DK,2026-02-24T04:18:38Z
1586.66,AUD,SE05BUKD49892665918463,GB66MLLP9082723184322259,SE,GB,2025-12-20T03:10:05Z
655.54,PLN,BG92DPVP3926030299228092,FR07FIFQ9904137977236929,BG,FR,2025-09-14T11:50:08Z
1788.48,PLN,IT92VKOT3662103886,CZ19TDFP8811729806,IT,CZ,2025-05-11T06:33:32Z
5196.09,CAD,SE54HZPZ5991624731498643,CA00WXZA8063565126,SE,CA,2026-02-16T12:29:44Z
758.17,JPY,HU54SLTI3688725887449562,PL84DXHO138658902601,HU,PL,2026-02-21T09:43:10Z
2293.26,BGN,ES08IHLC6698490277,NO01GVZQ30988392053021,ES,NO,2025-03-10T11:03:41Z
2770.10,CAD,LU75GQAX1848955439,US24OMSA26818184518489,LU,US,2025-11-11T22:09:13Z
8458.57,NOK,LU61YHYK7907141633565880,BG89IHJC5182755394237333,LU,BG,2026-03-14T10:13:25Z
567.52,CHF,LU79LEYD1790807595,PT63SIPF63920867808562,LU,PT,2025-07-13T22:39:36Z
1826.59,CZK,AU88AAVG9155942843479552,FR63NGNW56472929314386,AU,FR,2025-09-03T04:09:57Z
4025.06,GBP,US60ZAFN2885744890612034,PT60UDOX45588450615939,US,PT,2025-04-27T03:46:40Z
1933.85,PLN,PL45KVQP1694722569961125,HU29KKUJ96475987622023,PL,HU,2025-08-10T01:29:28Z
3016.75,CZK,RO26FMDD7800681149,LU19CUMJ347228200557,RO,LU,2025-03-04T04:30:53Z
796.06,BGN,AU17WRFS9688457831745642,DK38AAQY547807740649,AU,DK,2025-12-12T12:30:38Z
1170.59,SEK,IE71NMHF6341638944846312,NL17JDUO4973502080214427,IE,NL,2025-11-16T19:18:46Z
409.31,USD,NL27KNJZ5705120461872346,IE01DYWH7303718376452088,NL,IE,2026-01-19T08:59:23Z
2544.87,NOK,FR46BVGD650249163009,LU88PWTE13271950052812,FR,LU,2025-06-04T08:28:37Z
9999.82,CAD,NO56XGAW5240778487392855,IE93OITR182744857086,NO,IE,2025-09-27T18:28:18Z
4860.29,DKK,IT30KXCV3878294565118102,NL22BGDP109678994053,IT,NL,2026-04-27T17:18:57Z
33.93,USD,CZ83PCOZ5865094801,BG38CGQD3863383928,CZ,BG,2025-06-12T03:09:36Z
279.77,CZK,DK73LVOW1228685289755855,CA52YUNX93983684577600,DK,CA,2026-05-12T00:49:11Z
1823.50,EUR,AT00JHGK4888992107,CZ45EEIL344196931572,AT,CZ,2025-08-23T10:44:10Z
2147.43,CZK,NO76UJBX1055661390604805,BG69SEKQ206799813646,NO,BG,2025-03-16T01:42:53Z
216.38,CAD,ES95BRMI6862278376,ES83SGRT314659116655,ES,ES,2026-03-20T20:25:28Z
2253.75,CAD,PT98JFLT9270335211039240,CH43WZDJ7053833884879206,PT,CH,2025-01-19T19:14:52Z
112.14,SEK,PL07JGZW07016451046368,RO90DKPT2387800384,PL,RO,2025-05-13T06:59:18Z
3411.26,AUD,CH44VLLU38404608432562,NO11XMQV639264957823,CH,NO,2025-01-15T06:28:59Z
1949.69,DKK,HU17JWWQ629251881252,ES93AYKN4742312209949993,HU,ES,2025-06-07T03:20:09Z
2907.90,CHF,CZ10WYPE5267722330604633,IE96GCFO5736609656999880,CZ,IE,2025-10-07T01:07:00Z
1527.16,NOK,SE31QRMX8680347644,FR59FNJT8277181298,SE,FR,2025-02-02T22:41:23Z
977.91,AUD,ES22OSWG1452111751868926,US70MBYF92222064474212,ES,US,2025-01-20T08:23:43Z
3625.64,DKK,PT58PPRZ9733977671,NL76TAHR98302205020994,PT,NL,2025-01-10T11:34:09Z
289.21,EUR,CH20VJTV795014556168,DE08JPED58683390198179,CH,DE,2025-05-19T10:47:27Z
2347.63,AUD,BG33QSTL997877293430,AT15AOUZ3966055830,BG,AT,2025-09-03T19:46:27Z
827.91,CZK,HU39JQRK1556990235,PT43VPPZ2727857608,HU,PT,2025-02-22T16:33:21Z
2835.54,CZK,AT68AGSV51240568299629,PL14ZYJW04617357438421,AT,PL,2026-03-08T05:15:11Z
565.43,HUF,GB56QAZP357845218230,BE58MWQD4091570184,GB,BE,2025-03-13T22:15:57Z
936.44,HUF,NL41GGJI71422410988138,PL44RKIE93214958702070,NL,PL,2025-06-12T23:48:25Z
226.14,EUR,FR22WTSU9545381792171747,US60HHET56255770171577,FR,US,2025-11-01T09:51:28Z
1072.64,HUF,IT16QDMW5814876963,AT79HRFP1539669583219719,IT,AT,2026-03-23T08:46:45Z
2025.70,CAD,CZ22JMCT9657013290,AU96EVEO69973354946519,CZ,AU,2025-12-12T19:25:55Z
1295.61,SEK,NL37BLRB8514036965,CZ91MMMN272386562422,NL,CZ,2025-04-10T01:48:37Z
40.58,PLN,NL84NECE7969278687653269,DE00SPXH68950097519712,NL,DE,2026-01-14T00:46:13Z
1820.09,NOK,SE78CHPU8949058077,LU65PSXK5442094940792904,SE,LU,2026-02-11T12:04:39Z
1658.81,JPY,CZ64CZII944401929275,NL22IZWH2805129276637239,CZ,NL,2025-04-09T12:07:15Z
768.66,PLN,GB06FOMP78366742860476,BE86KQVB8569454414,GB,BE,2025-04-01T02:17:30Z
1546.60,AUD,HU93VSYG25800106181753,PL92JIGB9109391119,HU,PL,2025-07-07T19:25:19Z
3609.30,PLN,ES23DWFI71746542140665,US07IIFO7396271286,ES,US,2026-03-16T16:17:14Z
281.82,PLN,PT91IDBC9470720064,CZ19WKMS8776618306,PT,CZ,2025-12-09T23:40:46Z
2094.95,USD,BG42VJMB5851743280,NO49VGJW1571732030937618,BG,NO,2025-10-06T18:43:21Z
1909.60,NOK,HU02BKBK6138782931,AT04XEPU7903202041,HU,AT,2025-12-15T23:41:40Z
4510.87,GBP,AU13DPTZ136565198253,CZ97BSFK1426258273,AU,CZ,2025-02-19T16:15:22Z
264.31,GBP,PL78MYFA1002194672324876,BE30FTWB791456083318,PL,BE,2026-05-07T00:57:42Z
4965.53,CAD,FR64HOYU403127722005,CZ36GNIK0108220781137995,FR,CZ,2026-02-24T05:09:45Z
2825.12,CZK,CA29YDKH3636317970,PT55EGTO652735435209,CA,PT,2025-09-10T23:12:27Z
295.45,GBP,BE58NFYK492929831687,LU27SPOI6335693929,BE,LU,2025-12-28T14:11:17Z
103.21,EUR,NL93YQBN7177318063254310,CA61VJFW9907726257016580,NL,CA,2026-01-01T13:36:03Z
787.06,HUF,AT69SZGZ9508501657,CA79BLLF8325381793,AT,CA,2026-04-21T17:51:02Z
5706.32,CAD,IE87NIBC57788178847951,CH24OCCM411241272380,IE,CH,2026-01-27T03:09:00Z
1950.13,PLN,AT60LNOX4310385695,CA83UZKP7492424375402547,AT,CA,2025-04-13T13:10:06Z
439.24,BGN,IT36FFWW231059274523,CZ71WBVK25782841067275,IT,CZ,2026-02-20T19:01:34Z
1975.95,CZK,ES42UWJP92975170281406,NL79HOLC09398343018718,ES,NL,2026-01-30T02:47:23Z
956.93,NOK,US65BVLM656504554781,PT27XOXN4266299123478519,US,PT,2026-04-15T23:28:05Z
1317.80,EUR,US53FROW326487049478,DE94OHAZ2447146273,US,DE,2025-08-01T07:13:09Z
812.62,HUF,NL76XLSP4715890429025725,FR20BILN04481832192855,NL,FR,2025-02-21T19:50:27Z
2892.48,JPY,RO12RSLE2845765213,AT19QHGZ6711207545,RO,AT,2025-10-09T13:54:45Z
10972.47,BGN,ES97KFWJ1322342321,AU54WYZD0760310890,ES,AU,2026-02-11T07:41:03Z
730.27,BGN,NO38VAYD9393250124,FR74LLFQ891190833428,NO,FR,2025-02-21T10:56:25Z
603.05,BGN,NL90PLWS712566383615,FR15ODQE5480157164794738,NL,FR,2026-01-27T14:52:51Z
1397.37,RON,CA60VLFA1678112669121535,AT25TMDH7499465796784271,CA,AT,2025-02-24T01:36:31Z
1720.27,NOK,FR17ADXB7026952499,LU12YCVY7347784858800616,FR,LU,2026-05-04T01:41:05Z
1181.36,RON,AU04BFRV27624671978897,CH60RFQB4796954500902559,AU,CH,2025-12-24T00:36:48Z
1198.40,CAD,NL44LNLB334911415208,HU41BOVN4079056965917135,NL,HU,2025-11-29T13:15:38Z
3620.40,HUF,NO21TJLN718344049639,SE95CWSD41987635148468,NO,SE,2025-09-21T17:28:25Z
1287.67,AUD,CH65OVYR082973748969,PT93UBQG72324665136442,CH,PT,2026-05-01T10:10:15Z
674.39,DKK,LU14EGAH77866032420448,RO22UBXP0159416516,LU,RO,2025-07-05T05:39:11Z
2116.59,USD,ES15QVSY71391559636321,IE22GION90785158673425,ES,IE,2026-01-24T13:18:30Z
4307.03,CAD,NO82TBXV3486451837,BG49AMIJ3432756041,NO,BG,2025-01-17T08:51:06Z
1332.66,CZK,NO91NDFW81569857002720,NO51GUJK1238296577,NO,NO,2025-09-16T10:23:29Z
2908.61,GBP,ES36GCNL669300893173,LU33WFBM9421529108677133,ES,LU,2025-09-12T10:32:30Z
3431.42,JPY,PT16NGTG36262044397359,LU87UOCA2563669411800537,PT,LU,2025-10-24T18:21:59Z
8545.07,PLN,GB90XZBA89646528092428,CZ63KOEC86241502745644,GB,CZ,2026-04-10T15:51:14Z
939.59,SEK,CZ40XPYE0320320742761707,LU45WRPO1215134228499390,CZ,LU,2025-05-09T03:31:16Z
1347.43,GBP,SE31YPVD04165915201777,PL80ITVA09759230450189,SE,PL,2025-03-01T16:19:00Z
737.48,AUD,US98MCAG664214764925,DE85DLQG7674996165926610,US,DE,2025-07-06T11:25:04Z
2821.93,NOK,SE63QUUQ4761742243,CH66NJSB0818661794,SE,CH,2025-05-01T10:42:31Z
214.27,DKK,GB02DXVO260164597794,LU43ZFGF9416800610,GB,LU,2026-01-27T00:53:13Z
1542.22,NOK,IT84XTXP99564122031030,HU26PUEU683147276012,IT,HU,2025-11-11T15:27:16Z
8302.36,NOK,ES02OSHG96050166799840,BG62MPQS3080695814671795,ES,BG,2026-01-02T05:11:44Z
53.57,AUD,AU92GPLO839597246657,BG20TGJW7223297167,AU,BG,2025-08-12T16:54:36Z
2035.51,CHF,AT45ILVF801561931837,IE33KZLY8428910771,AT,IE,2025-01-15T01:58:43Z
3810.94,DKK,FR71BQDF3524787125,CZ42EDGO0375482145653286,FR,CZ,2025-03-21T02:57:28Z
1401.14,HUF,IE58QZVL7208115562,ES55BMYB908466845504,IE,ES,2025-11-14T22:04:43Z
398.08,BGN,SE57UGRT5634108562884318,CZ70JQKY008943468105,SE,CZ,2025-11-10T17:57:05Z
1095.22,SEK,LU96UDOJ7539989354,HU36VZWS683158935712,LU,HU,2025-02-07T01:48:18Z
1328.80,RON,BG07NEPG1586988649767762,CA18QEPW2881377028519611,BG,CA,2025-03-13T15:38:19Z
103.79,JPY,GB15LJLJ70229604432701,PL70LCBN9497567922877725,GB,PL,2025-04-30T01:48:11Z
2443.69,PLN,DE29MKRB4120948181398909,CZ66GYPQ1820433971,DE,CZ,2025-10-28T18:35:09Z
1285.57,CAD,DK62AKNF0856411182422412,CZ39NVFB20046152654610,DK,CZ,2025-02-04T22:33:21Z
2273.08,HUF,PT63QYQM4057861706,IE81HAIR3824967183,PT,IE,2025-07-03T16:30:50Z
10552.25,SEK,ES68NROB7942007494,GB87MLUG02891416128463,ES,GB,2025-07-10T10:08:28Z
958.93,HUF,CZ81IYWO35537950209700,SE86FNRW6811807156956201,CZ,SE,2025-09-24T03:11:02Z
537.05,BGN,AU28XAYI31943375047930,GB25UMDI2839992192124938,AU,GB,2025-01-08T06:32:40Z
2833.84,RON,LU78IVRO6056641877,PT46QYBX046875063519,LU,PT,2026-02-18T22:44:59Z
1379.34,CZK,NL31GFKJ1076095431,IE60HKBK199717911006,NL,IE,2025-02-27T19:40:08Z
3816.57,USD,CH56BJTU1108046619639907,BG49OZNT5078593110,CH,BG,2025-02-18T03:48:19Z
2247.66,USD,CZ73EUQI67972320024968,BG83YLJS274954508920,CZ,BG,2025-05-31T09:14:11Z
4508.18,RON,IE54LGGU153779599594,SE53KFDO7303379337,IE,SE,2025-02-12T09:57:13Z
1279.37,CHF,CH46ACLA2473950033,US36FHIX583230241026,CH,US,2025-01-06T05:22:13Z
6877.64,CAD,HU58HLZL896112233865,FR40TNUH9938425304,HU,FR,2025-08-25T22:57:40Z
5426.26,DKK,ES93CZPZ2868578725,SE91LQWP7496903337363466,ES,SE,2025-06-12T12:28:15Z
4620.74,BGN,PL70CEYC78539078956776,IT52LZPK60273415148881,PL,IT,2025-07-17T16:46:08Z
316.57,USD,LU04RGKG44439284044566,IE74YUAP633373898775,LU,IE,2025-10-07T19:18:08Z
521.16,RON,DE26OORA29240755366684,CH41SASZ2259999663,DE,CH,2025-11-21T10:15:58Z
1222.17,SEK,US13KSOU12182097023164,DE26HJVQ7058025662,US,DE,2026-01-04T18:29:49Z
1355.99,SEK,FR49GEGJ7299493874302716,ES77ZHQK7790147546926329,FR,ES,2025-02-23T09:50:06Z
6044.11,AUD,CA89SDMW3248413768,AU15LCYD67243807017656,CA,AU,2025-05-23T11:38:59Z
27.99,EUR,PT90EKVX7711837274220912,US37DRXM104275230837,PT,US,2025-03-31T01:50:26Z
2519.21,RON,BG82VWVD4709006335331060,BE01KGVV3122068155,BG,BE,2026-02-11T03:05:11Z
2450.90,CHF,DK50NDHG5520650637,HU28CVIU01364971892419,DK,HU,2026-02-25T18:04:09Z
1230.87,CZK,CH42FUYW71509976838903,HU02TYDJ639102574326,CH,HU,2025-04-14T06:01:17Z
680.73,EUR,PT56XKEI08640355338033,HU77MQKF0171302321298338,PT,HU,2026-04-10T12:55:46Z
1574.43,CZK,DE92GHNF449734715662,CA60ONQT2706614982824674,DE,CA,2025-05-08T12:08:31Z
2065.65,AUD,AU09KEWP230085766656,AT62JUSC0169236458750663,AU,AT,2026-01-09T11:35:17Z
6361.64,EUR,IE80WVAW497243992011,NO82WMMW8362644886,IE,NO,2025-10-08T17:15:02Z
1326.91,CZK,PL13USYZ24364027011686,AT83JXNF522372817932,PL,AT,2025-03-11T00:43:15Z
505.46,CZK,PT33NOUT2141614150,BE74HPPV0040901380,PT,BE,2025-05-30T00:59:33Z
10838.26,SEK,US62PYKT5555356690551076,CZ92EATD35797863050505,US,CZ,2025-07-26T11:32:18Z
2334.36,CHF,RO94TZCL7164932898027148,AU59FODP332116025643,RO,AU,2025-11-07T19:37:11Z
7566.68,NOK,LU85ERUX1539915668633414,RO11DCKX195256904098,LU,RO,2025-04-06T14:42:54Z
963.84,AUD,PT86ZEQV160875243772,US76JEXV9548149737,PT,US,2025-10-11T12:32:15Z
152.53,AUD,AT19WGXZ027642086567,BG44YMMC43861259047292,AT,BG,2025-09-16T18:15:52Z
861.04,NOK,AU26GZXG5912662015,BG60FBDQ96263013674926,AU,BG,2025-04-23T11:41:39Z
235.71,PLN,BG83MIUU5011117830999741,RO75FMPU4921518260688871,BG,RO,2025-12-27T03:30:20Z
3128.22,SEK,SE96YGVD920875102932,PL11RIYB1845826034,SE,PL,2025-04-07T09:11:33Z
3818.36,BGN,BE56ESPW85988310303243,SE17TRGS42961844626714,BE,SE,2026-02-19T20:23:25Z
387.51,CZK,RO09UXIU598926256609,CA31CIDR8615155423,RO,CA,2025-06-08T06:24:56Z
1184.65,USD,LU48DZDF97185948491025,NL96MFLZ7924082226940539,LU,NL,2025-06-22T14:35:05Z
506.61,NOK,CA59QJIN414651113129,BG07CXJR0682778816093068,CA,BG,2025-10-02T23:03:52Z
2706.67,CZK,GB87TBTO832152850676,IE21LDKV814474430963,GB,IE,2026-02-15T04:42:37Z
4368.84,SEK,AT59TPBL9754510526,HU45ADNP188261702437,AT,HU,2025-01-28T12:26:48Z
1134.34,JPY,US68ZIDO2256053134026650,GB20VGPV16787256862110,US,GB,2025-05-22T12:07:09Z
1733.87,CAD,ES06VKNT6744716392,ES93QFHI4363718923,ES,ES,2025-07-03T16:46:17Z
403.55,PLN,PL16MBIG609310668433,HU43NPBQ0414545635020005,PL,HU,2025-04-04T13:33:33Z
822.81,NOK,PT12NFIP54110825559895,AT30UIGS1129109337118954,PT,AT,2026-04-17T02:23:10Z
3190.29,SEK,NO16GNRW85571617688029,PT35WEJB3678812786,NO,PT,2025-02-04T00:41:53Z
2337.25,AUD,DK23AFSG8788443448,US15FHBR402424033810,DK,US,2025-06-10T17:21:14Z
2324.18,PLN,HU41CWRI694500534240,GB68VYYS6498373543,HU,GB,2025-10-14T16:42:43Z
4884.72,HUF,PL19OHXX5271727223972404,HU20FMVT121637618209,PL,HU,2025-11-04T03:58:20Z
53.33,AUD,FR97UBEH4290018513,US17PYSO457230848100,FR,US,2025-01-11T12:37:43Z
271.54,JPY,FR18AHAH6254361721314519,DK42DLCB268592624945,FR,DK,2025-11-19T13:28:02Z
1730.12,BGN,FR33ZWZC2252677119,LU54XIEC22655767695236,FR,LU,2025-10-14T16:45:20Z
1935.52,NOK,CA68RHMC8931350305872105,DK46YEJO863330212606,CA,DK,2026-01-18T14:45:20Z
281.15,CZK,GB09PTFA521310962272,BE95QWJP5704120092820667,GB,BE,2026-03-28T17:56:30Z
747.20,RON,DK64JWHN418623690362,BG95RTCW7566205634111595,DK,BG,2026-03-21T08:04:01Z
445.11,JPY,NL08GTAY38303419909700,IE40CJAL68356521568182,NL,IE,2025-03-24T16:38:34Z
1204.62,HUF,NL04JFEV1133228898572545,PL79NBWY3399129710248171,NL,PL,2026-04-01T10:30:32Z
6798.37,GBP,AU08ISLL1274747219,CH62BLJM9275895516874090,AU,CH,2025-05-06T10:03:55Z
2058.00,RON,IE13JMFS1367157787112166,BG25MKCK97371470827235,IE,BG,2025-05-01T01:14:55Z
3721.33,DKK,PL46ZNPG3064421214,BE51CJWO8342016542356778,PL,BE,2025-02-18T11:13:30Z
1436.23,CZK,BG49ARZT199255027275,IT14ZVNI7279103368,BG,IT,2026-03-19T23:28:37Z
609.80,AUD,IT24VSAL04481776655868,CZ97KDFO5289286646491111,IT,CZ,2025-06-12T22:16:01Z
6739.95,DKK,HU63XYTR7890463378,NL48DGPD76605384444630,HU,NL,2025-03-22T12:38:51Z
67.49,EUR,CA66XTKK963863960962,BE81MXFM82631281964825,CA,BE,2025-10-18T19:25:43Z
65.94,USD,PT80YSEA9602752334,DE24RHXY4041209117911244,PT,DE,2025-01-09T23:05:10Z
1705.26,USD,IT26MDPZ6171366572,DE23JAFV1557998028,IT,DE,2025-10-08T16:56:03Z
2330.21,CHF,LU02QQYE513052312447,FR25CLWR77686342346199,LU,FR,2026-02-21T06:54:36Z
577.15,HUF,AT55ONTX59196639551720,IT65ISNJ60125625313552,AT,IT,2026-01-14T21:50:37Z
959.97,EUR,CH91KGOS38164938318491,FR73UNVY5533077046117295,CH,FR,2025-01-09T11:12:35Z
2148.50,CHF,PL02UZSA4260880501716445,US96LMCR79064771591030,PL,US,2025-08-10T09:28:23Z
12606.46,USD,NL28FCGX80040104145964,ES89FESO2529671883,NL,ES,2025-12-05T09:42:35Z
1684.87,PLN,PL41YXPH4415833117,NO07GAVG6371539885472812,PL,NO,2025-08-06T21:40:28Z
9229.68,AUD,IE65GYMG4624912711,GB30AOFI7875418156,IE,GB,2026-04-27T22:32:57Z
1744.84,AUD,PT42BOIL0663436294,ES67TPQN0313100943,PT,ES,2026-01-30T12:26:32Z
806.54,USD,DE89WMMM3473235494,DK93ADFQ4325122572076502,DE,DK,2026-04-27T17:45:09Z
2843.37,GBP,LU76LPSA3710094388221145,DE57PXLR74570545897148,LU,DE,2025-01-08T13:27:09Z
9616.29,GBP,HU84ELPA965313614878,NL22IVLK9644309859167954,HU,NL,2025-06-21T01:51:43Z
6552.23,NOK,FR59VEQJ474140703491,NL06PJAN00425488214236,FR,NL,2025-04-25T06:43:20Z
618.50,JPY,PL45HZVU6614494296592342,DE53RGJJ4978266128,PL,DE,2026-01-03T12:40:22Z
1753.02,CAD,AU59LNON7080612943985298,BG72JBYM607870104159,AU,BG,2025-10-05T17:22:57Z
1642.88,DKK,FR07DXSV3828723244,AT92AZPT110291813317,FR,AT,2025-09-15T08:01:16Z
1239.67,NOK,NL38MPFH97916202232883,SE60PJJV9754661766,NL,SE,2025-04-05T14:43:45Z
1527.99,JPY,ES49ASJB0527740258835868,NL08FUEL72446176792988,ES,NL,2026-03-15T05:37:10Z
980.19,CZK,LU44STMC0231177533,ES13FXMY1094101759025176,LU,ES,2026-03-28T01:29:36Z
2033.46,DKK,ES32POVJ326831901302,HU00LYNS5287339785,ES,HU,2025-06-02T00:26:49Z
2046.06,BGN,GB08ONUM9128411730,CZ76RKAH46512418938984,GB,CZ,2025-04-18T02:08:56Z
1974.82,EUR,US74PIUA5643502385,CZ96VBHP9905169918,US,CZ,2025-03-28T02:50:59Z
3213.32,JPY,NO04PQHU67430003896087,ES06MYMW668217195535,NO,ES,2025-03-22T19:50:30Z
661.02,CHF,CA01HNXY0301027240,BE40LTUH29671114837537,CA,BE,2026-04-03T04:37:30Z
3788.69,CAD,BG83HQIK0569741328,AT29JXRG5203771070,BG,AT,2025-08-16T08:00:51Z
1212.99,DKK,LU07ITMP6670336268,LU06VJBR09549305966018,LU,LU,2025-03-07T15:04:09Z
4889.89,JPY,US59NSXS26732044138459,RO50BTIL49014954277070,US,RO,2026-02-20T08:40:28Z
1636.82,CAD,AU27NBSC98517244472322,BE79UBHD2879508304,AU,BE,2026-03-09T07:55:58Z
4660.71,PLN,LU69WBTH11871813359561,NL82NJEA95565749025042,LU,NL,2025-10-02T10:38:33Z
2348.86,USD,PL65WYXQ36902611398986,NL68XDQZ9788754394,PL,NL,2025-09-01T04:42:52Z
4012.20,CHF,IE29OKXD765158815793,CH57ZNHS836929445511,IE,CH,2025-10-09T03:30:57Z
10224.06,SEK,CA63UYGF0216487120602128,CA67MNLE8341559991015767,CA,CA,2026-03-24T09:38:14Z
1621.94,HUF,CA93FXYS2099576572,AT65XSIY3475098898,CA,AT,2025-04-15T13:13:44Z
1212.55,CAD,CA18BXXG8499515421447732,AT36ITYD421388209088,CA,AT,2025-05-19T13:54:42Z
4468.00,NOK,PT47GJSN8274117674124151,NL95ZHXC28547815061853,PT,NL,2025-01-21T00:31:25Z
5251.61,RON,DK81UAHE3347272742318306,RO08PRTG064969357824,DK,RO,2025-01-28T16:18:23Z
1660.26,PLN,IE50TLRP13146753612751,AT44WMWE7963044836085456,IE,AT,2026-05-05T08:33:49Z
1272.57,AUD,US34PXHK4763928319,AU78KETR0615581083,US,AU,2025-02-12T10:26:23Z
10536.74,CHF,GB50WHJZ556383000818,DK50ZPBF40330416624111,GB,DK,2026-02-21T02:08:58Z
3298.89,HUF,SE01XRTE9639456804,BG35OGDI6461368474883607,SE,BG,2025-01-16T15:42:04Z
1978.35,HUF,US57HSAM757914521182,GB26PSHC697893074645,US,GB,2025-03-26T02:56:18Z
2920.89,CAD,ES52AIWG8753577881161620,BE20QXDF710672872866,ES,BE,2026-04-11T01:08:16Z
1430.45,USD,NL92VIQK92248395894773,AT42XXEF0562271043318751,NL,AT,2025-08-17T12:43:35Z
2257.31,NOK,BE44URHL3446945964,CZ71RUVG9213424912,BE,CZ,2025-02-21T20:43:13Z
3632.67,PLN,SE73YSTI3203319222705102,PL65ZONV5481386667548581,SE,PL,2025-09-14T10:37:55Z
7274.42,GBP,CZ91ENRO4186520575639836,PT47FXAG5830945154809404,CZ,PT,2025-08-04T17:23:18Z
113.28,AUD,HU35UBSA9772781050922216,NO15BOUW5184390552,HU,NO,2025-07-16T12:58:09Z
36.68,SEK,PL53VVBC824127049386,GB22UXAJ85157919711121,PL,GB,2025-11-10T03:41:27Z
2463.93,DKK,IT98FZAG71343240642429,CH40NHGI244741759558,IT,CH,2025-01-16T14:49:42Z
4456.47,PLN,AU74MERS654358841834,HU27OIBD727955969051,AU,HU,2025-01-29T12:43:01Z
5783.20,RON,HU53PKKU2542782079,GB58SSWN7345957640381664,HU,GB,2025-05-04T07:19:25Z
73.43,DKK,PL21JTWQ922501425762,US58AVEG441233613285,PL,US,2026-02-02T20:10:52Z
1057.70,GBP,NL70VMWG6731625265469681,NO44PVXS3923555809,NL,NO,2026-01-01T16:21:39Z
202.05,BGN,CZ17PGBG61562624467046,US22FMVQ7151602529,CZ,US,2025-06-28T16:52:49Z
1517.01,PLN,SE83VMNY4641978575,US68LDZF8612059438976074,SE,US,2026-01-13T14:17:41Z
1682.51,RON,BE06TVLI5408424560754091,FR45XBRX3218122764579389,BE,FR,2025-10-13T03:19:00Z
989.50,USD,AU18TXUZ6815466024,BE92UXCN3944988305,AU,BE,2025-01-30T17:43:42Z
3576.29,CHF,PL35XWYF80962440630624,NO34OTZU13305319497969,PL,NO,2025-12-06T09:15:25Z
1614.77,AUD,CH01KKKL2773826460917851,DK26XQLJ57702992959660,CH,DK,2026-03-10T03:28:56Z
1688.07,CZK,AT48REMT1633194226,DK70NLYG9455158886367747,AT,DK,2025-07-02T07:28:16Z
851.63,AUD,IT42YOUF6966630932,IT78TQCT0593297150968832,IT,IT,2026-02-18T17:36:30Z
5192.62,CZK,AU60WGKE10397739732781,GB77KFHO0068761648,AU,GB,2025-05-17T02:10:10Z
2335.72,HUF,FR91AOPX4605687611,BG18IYSY2565237341,FR,BG,2026-02-19T21:39:56Z
193.39,CZK,CH96HYIK75749490228403,HU47SLWJ29477422294643,CH,HU,2026-01-17T19:39:29Z
903.27,DKK,NL01ILXQ7925298585672872,PT61MAVC34332491357790,NL,PT,2026-03-30T18:55:32Z
566.78,CZK,SE51UDKQ4888107983,IE31IZXF372094841312,SE,IE,2025-01-26T12:11:30Z
583.14,EUR,SE74YSPO8051371717,AT25DRSG4909617399704694,SE,AT,2025-07-09T11:22:56Z
997.12,GBP,NO65JUJI548847127058,HU60PFFC4175823133484587,NO,HU,2026-01-11T08:59:08Z
6563.20,JPY,FR73VEKF622925879643,RO33PJLE55574696606065,FR,RO,2025-06-13T08:07:32Z
3643.31,NOK,HU90GGVW45056658833987,ES35DCHF79706734996010,HU,ES,2025-01-16T03:07:35Z
1930.91,JPY,HU36DPEX5622949381,CH56HKSR88402155732573,HU,CH,2025-12-07T07:13:48Z
555.69,CAD,AU32TXAE6667080850,GB72NBQZ87495119181828,AU,GB,2025-07-21T04:35:28Z
1580.88,BGN,DE96CYVN77251295786069,PL37ATMA3562439587,DE,PL,2025-05-29T06:24:00Z
3674.41,CHF,HU45WSEG342108902851,RO41KHVG426433502716,HU,RO,2026-03-23T04:18:29Z
3406.88,RON,NL48BOOM369112898123,AU15PXTL63318574817006,NL,AU,2025-06-12T00:17:38Z
264.58,RON,CA39CNUJ167045023290,US16QEEW0093459626228225,CA,US,2025-10-07T22:12:07Z
1721.67,EUR,FR51ULIT00507026086982,IT20DALH6117768729,FR,IT,2025-08-26T17:27:42Z
1617.82,JPY,HU16KVRL7793238223,NL84CXDW4913342457988942,HU,NL,2025-07-19T12:14:51Z
2706.88,CAD,CH94BXZM3202032650,CA73PPLG7379487148552457,CH,CA,2026-03-27T00:12:45Z
254.71,PLN,DK97QICZ60821371184254,AU57NRCQ683230358929,DK,AU,2025-09-23T22:19:58Z
4027.85,EUR,SE69HWQF21293289634064,SE49QNPO24014843991062,SE,SE,2025-10-09T16:24:02Z
437.64,RON,ES50ZFUN9335134261923724,NO97KAUD81973741897215,ES,NO,2025-07-08T07:50:20Z
4551.05,AUD,LU14UONS743811995376,BE53BUDY44856451017397,LU,BE,2025-07-18T09:58:38Z
2739.76,AUD,IE99WPRT9860919191135996,PL50WXBL7980660392051460,IE,PL,2025-03-22T18:03:23Z
4265.44,CAD,AU45HIOZ5742388565,LU99FPCK98354116597263,AU,LU,2025-09-25T05:33:06Z
1080.24,NOK,LU46YFFK1394884882,BG50TWCG1964258562,LU,BG,2025-12-07T00:36:26Z
7814.18,RON,US78SCKH0382407333373204,FR31ATPO8893628969645465,US,FR,2025-08-17T06:55:17Z
1944.33,CAD,GB88EKWH187851935837,IE34SBOT7961208780572151,GB,IE,2025-03-01T20:08:16Z
7361.28,JPY,LU91TPNW637484539862,PL98RVSK9059119186,LU,PL,2025-01-22T10:04:19Z
9753.95,CHF,IT23AUPX5116966672,PT43FDJL647124633515,IT,PT,2025-05-20T07:09:18Z
746.23,SEK,AU07RBVL2080056409,FR72LCFG2835129592728270,AU,FR,2026-04-16T19:37:50Z
1929.26,BGN,CZ39JDLV982173929578,BE49ZODV5352373605,CZ,BE,2025-04-04T10:14:20Z
4639.37,HUF,BE12QCVU89988683452734,NO80NMNM7071587964,BE,NO,2026-04-05T03:31:18Z
2881.45,HUF,NO67BGCJ508004635806,AT94QQFQ03172351373990,NO,AT,2025-02-12T19:25:41Z
5765.49,CHF,BE37AHVK635602293946,US87SWUJ460666437490,BE,US,2025-04-01T08:34:02Z
107.75,AUD,HU16VWHC1271285246,BG36RJJS11631873280771,HU,BG,2025-12-15T20:21:23Z
4476.82,EUR,FR10YWZC695727908335,IE05SAEK25730662481323,FR,IE,2025-05-24T06:55:31Z
1445.51,CZK,CH08HTQJ285011688092,RO92KLBE3060906913,CH,RO,2025-12-09T04:05:01Z
1972.85,DKK,HU83PSUM96737945772785,BE28EJUX642506420768,HU,BE,2025-01-16T08:58:29Z
4584.57,GBP,IE26MNNO7675556283333939,US46ORYZ5436271874960335,IE,US,2025-10-02T03:18:14Z
1213.45,PLN,DK55FOAW692492693265,IT59HXEY5998011100051553,DK,IT,2026-02-06T22:54:54Z
4593.08,JPY,ES79KSOP24418222618962,PT71RUPW31271026767209,ES,PT,2025-10-09T21:41:35Z
1454.73,BGN,BG23OAPV51512294621354,GB91ZZCL0996254384807520,BG,GB,2026-03-21T05:10:47Z
916.50,CZK,HU55KBIX1580290904637660,IE88VIWM58665254837441,HU,IE,2025-12-15T16:40:53Z
4093.99,USD,AU65DAZE3125129311,RO01XAXZ91297519102312,AU,RO,2025-09-05T11:23:38Z
10.62,USD,DE26BWCM83737927490728,BG00CFGI893113253269,DE,BG,2025-07-01T00:50:48Z
1767.36,AUD,AT27NILX804421017509,CZ96NCVY0159591945757574,AT,CZ,2025-08-10T16:17:52Z
17526.65,SEK,NO29SFBW67756777226602,CH40MUEM06229231067245,NO,CH,2025-05-28T19:10:13Z
1245.90,NOK,PT70IHGP6627051157942387,NL27NPAJ549691928455,PT,NL,2025-08-24T18:03:45Z
2083.91,CAD,BG08AOLN353574859532,ES41ZUSH379705816295,BG,ES,2026-01-03T19:06:33Z
1553.95,NOK,DE08OMYG25073305597824,SE40PKTR399140388436,DE,SE,2025-07-26T14:44:09Z
4789.23,RON,CA33GEJA6157276829,BG56YKDI4397429250105875,CA,BG,2025-08-20T14:25:20Z
3187.89,RON,ES03UNUK2590459908027112,CH19DQFW155516517680,ES,CH,2026-03-04T07:06:46Z
3899.39,PLN,SE70CGOF4330800370,CA05HYHE855660847068,SE,CA,2025-05-01T09:06:40Z
2227.98,CHF,DE29SPAL9582632809,BE36IRLQ2394535461470798,DE,BE,2025-06-12T04:59:47Z
299.91,GBP,US13XGGY39457039438040,PT27FKGP5769277894319100,US,PT,2025-10-28T22:37:47Z
29.19,RON,CZ00JOMX105336514604,BE98BDJE73107201137984,CZ,BE,2025-08-02T00:02:32Z
2071.88,CZK,LU93WEGC6007676209014473,NL34AVIG700968730451,LU,NL,2025-02-19T03:41:46Z
4297.94,NOK,CZ20LVLX556296575427,GB86RNLN9425577820,CZ,GB,2026-02-27T23:54:26Z
4911.14,BGN,CH18TKRU923616188081,SE73AIRV357155868639,CH,SE,2026-05-01T12:00:55Z
3482.44,CZK,GB28UUOE081721436438,CA81DGAA4132114716,GB,CA,2025-03-24T15:56:10Z
27.56,AUD,GB38KMLG69979907075504,RO89PZMY6995706071,GB,RO,2026-04-10T03:20:30Z
242.41,SEK,NO92WUDO5397054873961029,LU86YAQO8274968049,NO,LU,2025-07-10T14:23:31Z
1689.75,SEK,FR37FBJT61213773062604,BG23HKVS3711222990775608,FR,BG,2025-12-17T20:46:54Z
1961.33,PLN,BG60BINR1114576832102192,GB85GOVR84712961803324,BG,GB,2025-11-22T03:43:40Z
29.14,AUD,ES65ZADQ98042537337773,BG12FMRU2282178192,ES,BG,2025-02-16T14:22:08Z
1334.99,HUF,IE46HINB0560356793279862,HU30TQJP6906181205,IE,HU,2026-05-01T22:28:02Z
1562.42,JPY,LU38RTKJ8769899927517588,US78UCIU44983553935435,LU,US,2025-09-23T05:41:51Z
817.13,AUD,SE54VVGY435885379821,RO92XJUH952753674978,SE,RO,2026-04-10T07:03:48Z
2329.41,JPY,CH15MRMA3477894896,ES25IBNU9176651221500141,CH,ES,2025-07-16T03:36:23Z
341.76,JPY,DK95VNGB0159446333,DK79TSYI32089532638902,DK,DK,2025-03-16T11:31:50Z
2381.65,CZK,DE62DDHN379223410346,PL74TMOG116772696084,DE,PL,2025-07-29T12:06:57Z
1435.64,NOK,PT43KAPQ7935219626335564,RO31WJHM0931706955607676,PT,RO,2026-02-11T22:51:48Z
1071.16,JPY,DE46IPFF989830650312,CA11TWRB18472426423642,DE,CA,2025-07-29T00:47:27Z
5136.61,CHF,SE06SUZZ487623039111,DE34ZFRD8522823052480880,SE,DE,2026-04-28T07:14:50Z
124.88,GBP,US16HTLS73721329016204,ES58QZPV8868785996486287,US,ES,2025-05-02T02:21:43Z
191.63,CHF,ES38DTNM4505730362792463,BE18AHOI6775372603214505,ES,BE,2025-10-13T10:43:12Z
2650.19,BGN,AU09TJLQ0715534820128400,US65GUQL7659759545,AU,US,2025-12-03T14:49:56Z
329.97,DKK,BE97PNYQ8981265742,SE18YGCT4630040236936268,BE,SE,2025-12-07T12:19:41Z
592.26,BGN,PL20BIXP3727117595,LU60ISRR58298493306745,PL,LU,2025-02-21T10:35:03Z
9008.78,NOK,SE06SJZI2833372188,AT46NXMN41329715066626,SE,AT,2025-11-11T08:19:27Z
6936.24,CAD,NO39HPPM663439252959,NL48CDCC2867120072,NO,NL,2025-04-02T19:53:59Z
10292.64,JPY,BE86VWLV0245109109,ES00GZFM1494981942179428,BE,ES,2025-10-12T21:01:55Z
634.34,DKK,FR04MKVF7584466345337220,NO10BSDE7221455937,FR,NO,2025-08-09T08:29:45Z
6644.63,USD,CA93SJWG0526351004627765,CA57EKXW5920246175202389,CA,CA,2026-03-05T20:16:01Z
565.92,BGN,NO53BYAU59550178332584,LU67MQST607984870450,NO,LU,2025-05-21T05:00:17Z
8388.15,PLN,CA60NOTS593744039464,PL00QHBH3606014886084907,CA,PL,2025-02-18T18:38:53Z
2707.52,SEK,PL99DHMR28306153701242,PT84JVIN632514488112,PL,PT,2025-08-12T08:27:12Z
171.65,CHF,FR22DYOK8878179415,NL11LFMZ840911225288,FR,NL,2025-07-29T18:07:02Z
3540.97,BGN,PT03KMZY1863239791378765,NO82LGBB3095055605712198,PT,NO,2025-09-30T22:14:46Z
365.79,DKK,DK70RXYK9053486401,FR07JVEW62456185174460,DK,FR,2026-01-19T23:15:58Z
511.73,CAD,NL17QTTD11455129391304,AT39YRYR8984841604,NL,AT,2025-03-14T07:04:01Z
1014.41,PLN,CA17CDSA7075681429,DE71ZHCK291073228360,CA,DE,2025-02-10T10:20:49Z
799.15,BGN,RO63RHBN963845269694,SE34HTDW4970169342929132,RO,SE,2025-05-26T16:11:04Z
15725.65,CHF,BG93CVME419031061537,BE18EXUZ5566847323,BG,BE,2025-02-06T04:01:11Z
5100.61,CHF,US62PINB06720078436142,GB36IFNY7819754373,US,GB,2025-07-08T13:31:58Z
1620.65,RON,BG34FPHO037638821458,LU32WDIV60191344389982,BG,LU,2025-10-31T09:13:00Z
9.44,SEK,HU41YWYR9507321464493699,NO72LDMP350557385736,HU,NO,2025-01-16T04:48:43Z
199.33,CZK,DK17HNBG6811872333510409,NL52DIUS3153911498307482,DK,NL,2026-03-15T23:19:35Z
16.94,CZK,RO27ZNKD8939406557,BG71WFAX9043223023,RO,BG,2026-01-16T05:51:47Z
874.89,GBP,PT84OHTE1354621276,PT00FLBR611231261632,PT,PT,2025-02-17T14:15:06Z
3127.98,SEK,LU75SKOF762974549303,BG51JMYR1912038187692082,LU,BG,2026-02-17T08:03:20Z
338.91,HUF,DK65TRCH5881445822,IE05NPGE182971681572,DK,IE,2025-02-09T10:12:03Z
1031.02,RON,RO97AYAY0152911371,LU56ZRUL9025561844,RO,LU,2025-01-26T17:08:34Z
1973.91,USD,LU76VSRP78122489056708,IT55OABT0436551584,LU,IT,2025-04-25T21:52:07Z
1186.92,AUD,SE30NEZI550542960807,ES06NGHN9509822104016481,SE,ES,2025-04-06T11:48:40Z
13.46,CZK,DK93IUFR7383638164321269,SE86JXFQ64203625863144,DK,SE,2026-05-01T21:37:36Z
105.08,RON,DE37UMFL40263558243017,AU48JNZI89880315388824,DE,AU,2025-10-31T01:33:31Z
2355.63,NOK,CH86WKBJ4333353849,ES40WDMX211197871809,CH,ES,2025-02-17T19:00:13Z
240.68,DKK,PT63GEMU30601198756178,IE52YRXQ0230091561,PT,IE,2025-06-03T18:48:14Z
2274.27,RON,DK31WMKP4491609365952014,ES77CZDQ18433687509263,DK,ES,2025-01-11T04:34:41Z
2333.12,CHF,IT18CHOI56114042886050,IT99ZKHP6608112600308356,IT,IT,2026-01-28T21:46:32Z
4262.74,USD,US49EVOC31234550688269,CZ13PUPN938440134808,US,CZ,2025-01-22T04:20:26Z
887.12,CAD,AU85RXQE0335910157090859,PT74WCZJ92074926999699,AU,PT,2026-01-06T09:48:56Z
4435.05,JPY,US97TXXV1842859693259140,RO98QJST231234266980,US,RO,2026-04-15T15:40:49Z
59.07,CZK,CA60EMUD6072348389359538,CZ17VRYA05612996508269,CA,CZ,2026-03-10T08:10:08Z
397.35,PLN,GB11ZRMS5613087612385951,DK32GYIM394840027300,GB,DK,2025-07-26T15:19:04Z
2294.18,AUD,RO08BDYM113950016809,SE82ICJU5076283976,RO,SE,2025-10-30T08:49:20Z
3274.11,EUR,HU81IIAP7946207266292508,ES11XPXU6029914068841333,HU,ES,2025-06-21T06:37:07Z
6922.16,USD,AU45WFGL1781703211920613,IE96NHQV27789561337184,AU,IE,2025-09-02T01:06:55Z
127.09,DKK,AT74KBEM80164403734167,LU68DEOX8221021798213486,AT,LU,2025-05-12T00:40:34Z
1040.31,SEK,IT93VTOH3831828560539707,PL89SRXU6177067368205068,IT,PL,2026-01-17T14:36:17Z
4593.11,PLN,ES28ULKV165058714692,DE93CQUY192596790898,ES,DE,2025-05-21T03:48:45Z
1406.13,CHF,RO69JZRA205093869484,LU82EJTK1457887071,RO,LU,2026-04-18T23:51:38Z
5640.16,CHF,GB57MPGR097461917798,IT63MRET8722589370858062,GB,IT,2025-11-08T23:21:38Z
678.82,HUF,RO89IAVL6957900124825544,HU23QMOS3259423289463389,RO,HU,2025-02-10T06:57:52Z
450.08,AUD,FR87VKFR72562926933589,CH87LDHQ8655078468,FR,CH,2025-03-03T19:58:51Z
966.78,DKK,CH98VJIH3491891179,NL61FBGQ93401536415471,CH,NL,2026-01-14T20:39:41Z
284.54,CHF,CH46TGNP3675009421,CH36YZCB27698198780927,CH,CH,2025-05-15T18:27:16Z
348.51,CAD,NL67RYLM258660598678,LU56IJFE5854859655942824,NL,LU,2026-02-04T10:25:20Z
4184.85,USD,CZ42AEAB2453931321,FR41KCGA57083682144488,CZ,FR,2025-11-29T12:29:52Z
2208.34,AUD,CZ18PWHN7462025825431832,US90RZDX312392049106,CZ,US,2026-01-17T01:59:42Z
702.76,SEK,NL62FGWR5082768172257754,DE95LRUI2629052918768316,NL,DE,2025-07-23T19:18:39Z
502.17,RON,BE15UPFC3373992052229993,DK94NFDX5914388232553983,BE,DK,2025-12-08T09:33:16Z
776.77,JPY,CH62XUOX3264309544979127,DK77SOAF712053978713,CH,DK,2025-04-05T21:09:47Z
4253.52,BGN,NO74RQHE012560832004,BG97RPTZ8889753585238600,NO,BG,2025-04-18T09:38:22Z
9541.63,JPY,PT49UCSZ17152391029295,NL84ACJG4830930967139719,PT,NL,2025-07-03T12:42:54Z
125.07,AUD,FR93EDGF7672019111,ES48MDEF1907258733,FR,ES,2025-04-28T05:34:16Z
869.98,EUR,CZ55MKGR2748124211,PT36AZRV8250952294620935,CZ,PT,2025-05-30T11:25:36Z
3914.26,RON,GB27WVST29701371243658,US41RLMJ304120270615,GB,US,2025-01-01T23:02:31Z
657.03,NOK,CZ35BFTT7166906322,IT36QUDK42034030109567,CZ,IT,2026-01-20T08:48:17Z
1150.41,NOK,PL79CLOS54623471247601,HU05RBYD0306831764,PL,HU,2025-08-28T10:22:13Z
1379.27,GBP,DE69AQDZ71290150713806,NO57DHBO510458474362,DE,NO,2025-02-03T02:33:30Z
63.76,CHF,FR55FLRQ76694703180533,BG77MFZO66621591832700,FR,BG,2026-03-15T22:48:33Z
1340.52,AUD,BE39KUSA1079771400,LU95UISH9490531520,BE,LU,2025-03-19T19:15:05Z
1743.07,DKK,LU38UTPM3137971669841661,CZ19GPJB7943325623899499,LU,CZ,2026-04-03T23:47:35Z
4113.84,NOK,FR91IFNV037087821160,CZ20VVVA18135998989721,FR,CZ,2025-02-22T00:53:18Z
3283.21,EUR,DE64USJV1864482217,AU45QQXH8570820048067571,DE,AU,2026-02-22T11:45:36Z
2073.01,AUD,IT76MCYU2879429688,PT19OXYM0409531419615607,IT,PT,2025-08-21T16:07:20Z
488.09,CHF,DK86ZWRR565179624096,HU89UJTM8349604784217028,DK,HU,2025-08-09T16:20:00Z
384.87,AUD,CH74YHUN88208934868839,FR05NEIM2879916091141319,CH,FR,2025-10-04T04:19:50Z
3522.26,PLN,IE81FGWN3376052304,GB41RQDM02544724191650,IE,GB,2026-04-11T19:01:58Z
800.14,JPY,PT53MCPY1824989808806782,BG12ICOI8135926648698939,PT,BG,2026-03-17T13:44:05Z
1994.78,DKK,US64MSJW5594501192,BG92TVFB5360511716039886,US,BG,2025-08-31T00:56:21Z
715.39,CAD,PT12QSIK90670009942489,CA32FBJM4896676056420456,PT,CA,2025-04-08T16:23:34Z
1464.41,HUF,GB03SOZJ33890623546622,NO98NKWJ1659953006,GB,NO,2026-02-22T12:03:39Z
481.65,USD,IT23YZON7462591601124115,IT64IRZQ0080179867782312,IT,IT,2025-08-17T10:39:04Z
7109.33,BGN,PL01ZIOE4261212038437536,CZ44WSXM7852548242,PL,CZ,2025-12-11T22:24:23Z
2967.28,SEK,FR64KILZ00644547523112,RO24EWOJ9177633427203886,FR,RO,2025-06-30T15:14:46Z
189.90,RON,RO45WAUR1963045306,IT77ZHKX493534001816,RO,IT,2026-01-04T17:39:39Z
845.30,SEK,AU54LFII54460838517993,NO57WZRD5391287884,AU,NO,2025-02-22T00:14:27Z
2433.81,HUF,DK54SQQY904579271472,US32MHBZ9864242383,DK,US,2026-03-26T22:33:24Z
1843.56,GBP,PL72ZDED0629328809832210,AU14AFHF0186766100,PL,AU,2025-07-05T01:37:18Z
2783.84,DKK,SE86PWMD8143561403,HU70JKUH9807468235,SE,HU,2026-03-10T11:53:41Z
10106.61,RON,AT86ZDBA076205459671,CA42AWBN6641106541134078,AT,CA,2025-09-03T17:58:42Z
2381.56,AUD,CH34YTPB5836683482,FR48RXSS2697083868889178,CH,FR,2026-04-05T10:00:37Z
1661.40,PLN,RO09LALZ2571976093201265,RO58UQSR604180952175,RO,RO,2026-04-23T04:35:52Z
8896.98,CAD,CH58POJW2746921188,SE18ICTW2642229758917045,CH,SE,2025-04-02T11:33:04Z
4334.36,USD,LU87JLPB68209225709001,ES80MHWK4072324728289540,LU,ES,2025-09-27T05:18:20Z
1836.81,NOK,BE23FWIW3126168507105801,DE14SLAT711526105370,BE,DE,2026-02-06T08:10:31Z
113.10,CHF,PL09ZNSK0741894854,ES29ZUEZ6989365294471619,PL,ES,2025-12-26T03:18:11Z
565.70,NOK,SE68CGYX0450258963,ES87FCOJ574835268064,SE,ES,2025-08-30T10:45:00Z
3420.49,EUR,DK24SRHW48838425364628,CA06KKBO4065795515623920,DK,CA,2025-12-14T19:41:01Z
6909.27,SEK,CZ13BPUW09131117861902,BE42ZJWO0220695354120122,CZ,BE,2025-09-10T02:05:46Z
3949.32,HUF,AU45BAFN1515325947,CH81TKBO07173279805950,AU,CH,2026-03-16T12:57:35Z
4419.65,HUF,IE01MJVT403910452036,RO05QTWY11849135992855,IE,RO,2025-02-07T09:28:42Z
2094.02,PLN,IE05LMCB6799006968,GB07CRMW7403784233944953,IE,GB,2025-04-24T19:06:20Z
1688.17,AUD,NL97FKKA250173654262,NL36DORI902923345110,NL,NL,2025-10-20T19:21:34Z
2577.11,EUR,BE86BLHA8430211667329045,PL58KYSR5921299642603362,BE,PL,2025-11-24T14:04:48Z
1530.25,GBP,NL66FCIO0920711523802362,BG12UZTX158189705916,NL,BG,2025-10-02T17:52:36Z
1435.11,SEK,FR47KRRC97721688005378,FR97ZWTG8692897284,FR,FR,2026-02-20T23:00:46Z
138.25,RON,CH65EFXY2002839482322041,AT35IPIU281165993020,CH,AT,2025-03-16T13:05:38Z
583.54,PLN,ES35WWEH277521353028,BE11NKBN63005937775691,ES,BE,2025-02-09T09:15:34Z
354.96,CHF,CZ87AUFT6174690298,DK27DZAI841966229131,CZ,DK,2025-02-25T04:14:16Z
1739.31,EUR,CA51RLNM0636219865504944,NO38UBON3493396504962732,CA,NO,2025-10-12T23:22:18Z
1423.20,GBP,IT11JEIG2585421880879919,US52EUHX19964338532472,IT,US,2025-04-02T05:49:15Z
1135.03,EUR,GB28HIGB115876054576,RO88SVIP76945353659746,GB,RO,2025-07-03T04:34:00Z
1747.86,HUF,US55GIEC545080959481,CZ43FYMT559664721307,US,CZ,2025-02-19T09:15:25Z
1147.94,CHF,LU15IFMD04893326145430,ES57SNHV3100817852211587,LU,ES,2026-04-03T02:27:34Z
959.04,JPY,DE46VIXF8744701732086523,DK56OOES6563370140052781,DE,DK,2025-06-12T10:11:27Z
2618.97,CAD,NL04AEPV214257316094,GB29SWZD681720313695,NL,GB,2025-02-05T10:36:36Z
1826.03,GBP,GB22XATU973525953322,BG19UWYO938992045735,GB,BG,2025-10-31T12:23:43Z
1376.77,CHF,IE64LBPM0870826971,ES97QZFG0107126158388217,IE,ES,2025-03-09T15:48:12Z
6412.27,AUD,RO68IYMP574223322280,HU81DYTJ25892225606295,RO,HU,2025-07-23T14:36:48Z
127.42,PLN,PT31UZXP118046741307,GB85KHRJ8520136260,PT,GB,2025-10-30T14:52:53Z
1275.13,PLN,SE92PVLM5470554912,AT80VCLC4119556409196939,SE,AT,2026-03-20T10:32:39Z
1717.18,SEK,CH07PZAZ042620197121,AU19JCGS696789760987,CH,AU,2025-05-24T14:05:30Z
1390.39,GBP,PT29CZTY276075988978,DE53LHUG31916543089523,PT,DE,2026-01-11T20:02:29Z
432.54,EUR,FR08LAYL6449747000268764,ES39RVYN6497974163656045,FR,ES,2026-04-01T05:34:29Z
701.16,AUD,BE89HPGB4969277119529635,NL26BWLS0255128276364315,BE,NL,2025-09-02T11:04:49Z
1859.58,BGN,CZ72YKTM46634544344149,AT15MSTS934497439464,CZ,AT,2026-03-11T15:32:03Z
2818.70,HUF,NL21EHBS86297398894132,SE13AYSO021707548534,NL,SE,2026-03-13T00:27:26Z
1331.97,HUF,HU60ZSEY030044964612,BG92THSB2512137565,HU,BG,2025-09-19T12:08:06Z
1243.33,DKK,SE74KUVP8619931458,BG38GIWK6311388503423622,SE,BG,2025-09-14T21:57:02Z
928.76,CHF,BE23INGU0437968680,IE04RZUK946902177417,BE,IE,2025-08-16T09:21:01Z
900.19,EUR,LU07EHRZ02289466527523,PT25EQET020256913303,LU,PT,2025-09-05T09:57:33Z
732.36,CHF,NL56CXWD7507627995530245,IE26BCFH72303420284719,NL,IE,2025-12-30T20:28:00Z
3162.96,NOK,NL84ZEJB07648717754619,DE76FIBM83872725812259,NL,DE,2025-05-07T22:07:10Z
2913.62,HUF,BE50YRJW82373379121211,PL06DQOQ3586901707,BE,PL,2025-10-27T06:05:27Z
3998.95,EUR,AT76ELDS52951712227643,BG28ROFF5422162654,AT,BG,2025-06-25T04:16:56Z
4743.76,AUD,PL24XXAW344470488789,HU74KAIO2059685195,PL,HU,2025-05-30T09:48:22Z
1718.09,NOK,PT89FMNU295634277752,RO20LSEA1658129205922941,PT,RO,2026-04-30T14:36:02Z
5001.38,BGN,DE27BESK96363726294206,CH48CKVI8513313800,DE,CH,2025-11-15T20:30:42Z
4771.75,SEK,LU90FCUC212154815826,PL69NRPM01918548806442,LU,PL,2025-06-24T08:02:33Z
3958.14,EUR,RO72QPOU3585664641962342,NL14TEWN213204104294,RO,NL,2025-05-18T23:50:52Z
8992.23,HUF,DK93PQSY1797269999,PT35SWQD831800366602,DK,PT,2025-08-07T13:45:36Z
14.49,EUR,BG95FRKG3105052438380582,NL53ZTFV0768627633,BG,NL,2025-06-02T18:54:42Z
580.23,BGN,IT78MVZG761851862671,DK31NRJY0132823392,IT,DK,2026-01-25T14:31:57Z
4729.65,SEK,FR44FOXT8750677610,RO54YUXL088143192797,FR,RO,2025-06-23T20:02:29Z
6260.33,NOK,CA45SNSR845720266568,FR49YFTL2573498992,CA,FR,2025-03-27T23:01:10Z
2306.42,CHF,CH80UAYO29907472966941,CH97OSTM0808974748599464,CH,CH,2025-12-04T23:52:58Z
4058.93,CHF,DE38DNOH78536988164980,SE33JKAZ860521026270,DE,SE,2026-01-27T12:30:54Z
2013.30,JPY,US02RFIR58130889830574,US85RRHT4185630275000305,US,US,2025-02-17T12:58:22Z
269.47,AUD,US45UGAL4184937846790870,RO83DQPF0013651034444299,US,RO,2026-04-09T06:27:05Z
802.40,NOK,BE54RMLF06221559967256,US98FFFD5334704747,BE,US,2025-09-24T08:56:28Z
852.21,SEK,US47THTN21383507124553,AT13FWTB3622117327,US,AT,2025-09-10T23:07:15Z
3701.42,AUD,NO82RXHT85585229425251,IT51DQKP91710508054914,NO,IT,2026-02-21T09:06:03Z
785.19,JPY,AU97LUGL478417159497,AU25IJTG5378803318,AU,AU,2025-06-28T21:29:45Z
5176.65,USD,PT88GHUQ608788281527,CA69PGAJ2515217465353780,PT,CA,2025-02-23T07:41:07Z
4979.16,DKK,FR54VPGJ67177629691433,SE50ESTS66450999900108,FR,SE,2025-10-04T16:48:11Z
1634.33,CAD,CZ02RHVW21189684424648,DK99QJTY9572857595828190,CZ,DK,2026-03-25T12:15:05Z
1455.49,USD,IT59XRTV2488397170,ES42YSQJ51436728681123,IT,ES,2026-03-30T10:57:03Z
1878.80,CHF,HU96NRDY9397814590,NL02XZTV177905528669,HU,NL,2025-09-23T10:06:14Z
3894.52,RON,PT80VKXQ7053260119,IE30ZSCA829742551360,PT,IE,2025-03-11T11:06:03Z
1894.51,CZK,PL12QWDB50243736158736,BE96MEOC589693353900,PL,BE,2026-02-20T13:20:13Z
971.62,SEK,HU11LUJO156639792551,CH12MJHM2837727028,HU,CH,2025-12-01T03:32:34Z
2626.68,HUF,CZ00KHJF6441610197,CA41UGKR64051038802730,CZ,CA,2025-11-15T08:19:47Z
1361.52,NOK,LU17QDIU47189395309690,ES53PMIW9228849874,LU,ES,2025-11-24T22:45:50Z
4840.28,USD,CH98KRXO717430688116,GB34YXYB439881873877,CH,GB,2025-07-04T04:24:50Z
630.00,SEK,HU27MJYP0413090915386028,GB16MELI041231905772,HU,GB,2025-07-01T18:45:18Z
820.52,HUF,NL07WWPW19324538109794,LU12UEEY87098726496322,NL,LU,2025-01-16T06:52:00Z
4613.61,NOK,GB23JAIW261189003468,DE55DWMG7028672020,GB,DE,2025-04-22T23:12:29Z
3779.88,CAD,BE50ZNXE9536890057,CZ60TKAB7325900739,BE,CZ,2025-07-03T15:40:02Z
3493.23,CHF,AU83OFFC3869087167,DE18FDAZ54617192817074,AU,DE,2025-01-27T21:07:35Z
139.24,AUD,AT28YJJZ252160252394,IE96CEXV9447726903,AT,IE,2025-04-23T09:23:55Z
2565.93,AUD,RO40DHEP1794802455985160,IT16DDSV5891268649,RO,IT,2025-10-02T06:40:32Z
1630.87,JPY,DK65VNEG6008844740837819,CA14SBPJ164006983692,DK,CA,2025-11-29T09:45:01Z
817.41,CHF,PT65NIOB139865462202,CH08FGXX2055033000088634,PT,CH,2025-07-28T22:48:45Z
684.70,NOK,BG78AAQQ1416009169,US96XUEH737989790608,BG,US,2025-03-28T09:28:31Z
11273.83,SEK,CH70NPIM000998433611,AT92HOCD5198545829,CH,AT,2025-03-05T20:19:41Z
525.07,EUR,AT85ACLG34660756999449,ES90IMNO010824028182,AT,ES,2025-07-21T18:32:33Z
1801.47,CHF,ES98JAEM085817452735,HU81GNJF570041291828,ES,HU,2026-04-09T06:53:08Z
1991.45,USD,BG08UFZU59046100792304,CH54NABC838271012329,BG,CH,2025-11-22T04:37:42Z
1081.22,USD,HU03UIRW07665344604227,CA53HUJM1915305734,HU,CA,2025-04-08T03:54:39Z
670.30,JPY,NO53CPNR251272670866,ES90ZMLW2241976878494771,NO,ES,2026-03-10T16:06:18Z
155.93,DKK,RO46ABND89742235434046,IT94YMRE2156495254,RO,IT,2025-06-11T07:41:14Z
8758.79,EUR,PL36UCYD9738818273,IT00VNHJ594882188496,PL,IT,2025-08-03T16:41:53Z
1299.62,AUD,DK44DDBF2543412301,NL90MBJT0372186003203197,DK,NL,2025-01-15T04:53:09Z
2319.32,DKK,DK10CZIB3471317197,PL97URNB6259084194,DK,PL,2025-02-08T10:43:18Z
1856.23,RON,HU01UDCG5358210728878072,AU99OTYB716160881972,HU,AU,2025-10-11T05:43:42Z
2265.13,PLN,ES81MIPP8375307681,PT00FZJR8557800244,ES,PT,2026-04-02T18:34:49Z
5226.53,CHF,PT20DMSB9685746706751691,ES31SLWX150164261070,PT,ES,2025-05-25T15:26:50Z
119.83,CAD,PT98IZFJ198392484813,PT03AJDX9105302151675864,PT,PT,2026-02-10T23:29:37Z
703.82,HUF,US42HJRC0501476427,BG64ZSZN5738551281,US,BG,2026-04-23T06:26:53Z
4116.00,CAD,AU29SLYS8155426097236024,NO37NYXL67720517107308,AU,NO,2025-04-15T01:41:15Z
1213.38,CAD,AU96UPRU703175438027,FR37CJQK2602925468627288,AU,FR,2025-07-24T17:23:01Z
1348.29,NOK,AT17AOUM271353867625,BE77EGQN9060488693205534,AT,BE,2025-07-14T16:51:31Z
65.32,HUF,NL77YEPG1597640535670789,GB59PWKL26190384227362,NL,GB,2026-02-12T15:28:16Z
154.72,GBP,AU22UEPD1757691716,PT21BYJF14486983052169,AU,PT,2025-05-17T18:03:56Z
4854.17,DKK,NL23AFXN1426471068,PT03COOY3163705004,NL,PT,2025-05-20T03:59:35Z
511.65,CHF,PL23IIMS172947638083,PT72BXMY40259985193932,PL,PT,2025-12-23T09:21:37Z
11863.94,GBP,AU23RCFS6350496026,BG91NOMU27284539749950,AU,BG,2026-01-19T02:57:49Z
4901.37,SEK,AU38ANXP60208019290221,NL47YJHT4489093225,AU,NL,2025-12-04T18:10:26Z
476.82,CHF,PT31LCBE55019354503698,IE70ZRJW933324362962,PT,IE,2025-05-11T07:30:36Z
1065.75,EUR,NL82HDEZ41290759659992,DK07DEHP3177495421062941,NL,DK,2026-02-23T03:51:58Z
1487.14,BGN,PL12SEFM1317536264752864,PT49DEWA1730099284524032,PL,PT,2026-04-29T05:25:13Z
1092.74,USD,BG42LAKD32191430877972,FR33OTEL22188345819204,BG,FR,2025-06-28T20:34:32Z
106.83,NOK,DK81MSGG299865159025,NO59WRVJ4085858838256726,DK,NO,2026-01-18T16:46:01Z
1773.76,CZK,IT61EVSY543551962822,NL23LAYD562472863942,IT,NL,2025-11-06T01:22:01Z
4761.89,USD,HU20HICJ900966270266,NL00IKBS63217400391019,HU,NL,2025-05-12T16:12:48Z
3600.40,CAD,IE79FEFJ1193600608277056,IE35MDVX0762643850095372,IE,IE,2026-02-23T10:54:11Z
237.14,AUD,PT84EHVD361094416423,LU91DMLI13727768576063,PT,LU,2025-11-27T13:57:31Z
497.31,JPY,LU35NZCP51887017999324,CZ89FBFJ744417234565,LU,CZ,2025-02-04T22:54:53Z
1231.51,RON,PT57SYAF48536268904723,SE66NXWI0095385574,PT,SE,2025-07-18T11:23:42Z
3238.60,AUD,IT41YSTA9378146047,DE82UNXD37884437066187,IT,DE,2025-07-02T02:34:24Z
1344.09,BGN,HU59EVMY681541858990,GB07EOPW910845078604,HU,GB,2025-11-18T15:16:07Z
3495.89,AUD,IE04KBHW746983306773,GB02MPWZ8222667941,IE,GB,2025-11-29T18:02:31Z
1794.09,HUF,CZ82QNKG90673963428987,NL51AXKZ04922170486186,CZ,NL,2026-01-30T15:23:43Z
1307.97,EUR,RO23BYCM907399289198,AU20PDRE5337170864942694,RO,AU,2025-06-09T22:51:52Z
3165.30,CHF,IT68VVHC549014599670,NL48TFCT87305498243884,IT,NL,2026-04-05T07:43:10Z
140.58,HUF,RO88VXCO6780664315,IE82QSYY1649281503,RO,IE,2025-04-24T22:39:01Z
1616.44,USD,AU19NUJB0308808172628296,BE70FUYJ85007288959274,AU,BE,2026-04-11T07:36:21Z
1941.44,AUD,DE75VDXT1276620808203917,DE07UYZF3444359624587012,DE,DE,2025-11-25T12:57:44Z
2712.21,HUF,NL38FVLG9091237530284976,AT90BHTM0243652405536481,NL,AT,2025-04-21T18:20:04Z
1448.83,RON,BG99IVAH4882159773854662,DK25EHNB6799864912594972,BG,DK,2025-10-13T05:24:57Z
515.47,JPY,ES49FFNS066617996235,BE48TSTV998335876887,ES,BE,2026-02-12T08:10:27Z
2360.89,NOK,BG99NAJD482084931539,NO67XGYT2260001440,BG,NO,2025-10-17T01:43:54Z
1571.32,CZK,HU18TXXC30491341038975,RO19URPE9986564224,HU,RO,2025-11-06T19:57:48Z
8736.01,DKK,NL07QFHK097669194896,CH16SYRB68201753079661,NL,CH,2025-04-28T13:01:36Z
1014.18,DKK,SE19YYUX04347412531379,CA40MDAB7732175036192025,SE,CA,2026-01-09T01:17:23Z
3203.44,DKK,CZ25QPGG0342444748904760,PL56XRNE510765191708,CZ,PL,2026-04-04T21:03:17Z
2970.24,NOK,GB68SLCI63409185805581,DE93XZDK4496539160770040,GB,DE,2025-05-10T07:00:54Z
4414.40,BGN,PL91JKJD03982218039662,IE98XXBH88640788026529,PL,IE,2025-01-10T18:54:29Z
8837.21,USD,BG36WNWT335623039744,CH02QQBY7089870920199184,BG,CH,2025-10-24T19:32:28Z
557.90,USD,IE49MDDK85805263211960,DE37OZVV205397077454,IE,DE,2025-04-23T19:49:55Z
2996.17,CZK,AT68VVYE171461995394,NO53ZPZM2623596053026184,AT,NO,2025-02-14T01:03:38Z
1665.62,CAD,NL57AGMQ0506306636050281,ES82UNIA0390912030,NL,ES,2026-03-08T11:43:05Z
59.95,GBP,ES43FWGY5979531926009860,GB17OLPJ44920548944538,ES,GB,2025-07-23T17:28:59Z
42.06,SEK,DE15WRTM58344566229521,FR63TPBK6036162486070472,DE,FR,2026-03-12T18:54:46Z
352.27,EUR,CA08LQLA5301731671,US40NBLQ9052244133954794,CA,US,2025-10-02T10:21:07Z
8655.69,AUD,BE27DVZK9057191898664693,BG54KMDR359748768057,BE,BG,2025-10-11T18:55:55Z
12717.22,CHF,BE60ZXCR30192209567333,IT18WWTW3239644028253267,BE,IT,2026-01-07T11:34:28Z
2252.90,RON,US33FOPH385202320914,CZ88ACNT328442347199,US,CZ,2025-05-26T02:47:40Z
2342.92,BGN,SE42KCKI26075699913831,ES03AWMZ33226227777331,SE,ES,2026-01-11T08:49:55Z
8053.85,CZK,CA51JXPA0385036059529842,SE80JCXB4027406758267625,CA,SE,2025-11-06T11:11:40Z
6508.42,RON,PL01BHWM856461497459,NL62USGD997984914986,PL,NL,2025-05-05T04:46:16Z
2421.41,CZK,BE40AJTW266432239461,PL16DFWR1594853400,BE,PL,2025-09-02T15:54:53Z
2889.40,GBP,BG94WFEG74225678718882,DE16GOQU0584168061349564,BG,DE,2025-12-06T09:06:11Z
1923.27,DKK,AU50AYVK7949638309723610,PL69BSEN6620165557,AU,PL,2025-07-30T12:09:11Z
7545.09,AUD,RO63VQMK57512476400068,SE57KQZZ8240516654512244,RO,SE,2025-09-14T17:47:10Z
1796.10,HUF,LU60JAEZ386860835701,DE57AHNG9442386020,LU,DE,2026-04-21T01:28:00Z
125.32,CZK,BG94RHAT13490961979797,CH17IKER13569480450735,BG,CH,2026-04-20T22:30:22Z
889.67,NOK,US01SKPU940598026029,BG32IEUZ3158925849,US,BG,2026-01-31T16:38:20Z
4651.91,CHF,NL05HDSX7748675951418648,AU92FGAQ958684196233,NL,AU,2025-04-30T06:39:23Z
3338.38,EUR,IT92RMWT27674831730662,CA75GVUV5181788242,IT,CA,2025-10-08T01:58:07Z
1039.36,RON,US53TRSA2327237179890223,GB60VSBB5487084779541767,US,GB,2025-08-31T15:43:51Z
2250.50,CHF,CH69RTVB3781591579089458,CH77YWUM683848876380,CH,CH,2025-03-02T02:43:38Z
1630.95,PLN,ES19HSMV2190518812,NL72UZRQ1820706690107923,ES,NL,2025-03-03T13:45:58Z
2024.29,DKK,NO70THHI4970350675789683,ES24KLWO7731231555,NO,ES,2025-10-29T01:48:07Z
4648.28,PLN,HU56VBLE8799384440,BE39LQRG1414701235,HU,BE,2025-09-05T05:23:17Z
1919.35,AUD,BE14KUYM0977978023,PT81JZYU56844679403664,BE,PT,2025-12-11T20:11:34Z
615.52,AUD,NL78KPGY8315975729273186,DE71YXGW2915854233,NL,DE,2025-04-15T15:13:26Z
1179.67,USD,IT08RLUX83966073446746,AT22XDLX84174916170502,IT,AT,2025-10-17T14:23:45Z
2730.62,SEK,IT72RCUJ3447609483,DE88PZOJ2928643302,IT,DE,2025-11-11T04:13:50Z
8705.21,CAD,CA73XUSM183667719666,HU55CAEK3420222349980137,CA,HU,2025-01-23T23:13:39Z
5544.39,CHF,CA45TXAD7915244614409233,DK99LCOJ5642601863726319,CA,DK,2026-01-15T05:07:13Z
5875.08,CZK,PL78UKLS277641490038,GB41AFXZ51344486722883,PL,GB,2025-10-24T05:39:56Z
1582.65,JPY,PL29CILI1574932511497887,NL75KGCE4095437766,PL,NL,2025-07-07T08:18:00Z
133.89,CHF,FR47QBBD3143915114367862,SE80DZAP8710968564,FR,SE,2026-02-15T08:54:21Z
1514.49,HUF,ES52URUA693315423060,CH06FGBF5505224114206670,ES,CH,2025-02-11T01:44:12Z
740.60,USD,FR72EADM3382222400539222,CH06LMEU1901134843,FR,CH,2026-04-03T08:27:50Z
535.35,USD,IE46FQMD239456452342,PL64MJYZ97602498663420,IE,PL,2025-05-16T09:21:40Z
1438.37,CHF,PL81VPUH98529735615266,GB47KSCI6253809664147533,PL,GB,2025-12-19T11:45:47Z
1159.54,CZK,US56YIYM5353896298532436,PL63SEJD71276383543468,US,PL,2025-08-13T02:50:32Z
1402.64,CZK,CH03NZDM497939981615,SE28VQCD8371030737260720,CH,SE,2026-03-25T18:03:43Z
2377.85,SEK,FR70WARE4931214639476254,LU18XSUF4563391729940369,FR,LU,2026-01-10T08:38:17Z
2734.64,RON,LU23UNWM97196706833539,SE14BDMD590163994901,LU,SE,2025-03-27T07:30:56Z
795.24,CHF,PT27PVNP481409841016,IE63TGBC81160499100420,PT,IE,2025-07-31T04:31:28Z
4442.59,SEK,ES53DMRB9903421348,SE95KJRI035316079179,ES,SE,2025-11-21T01:42:51Z
1961.66,BGN,FR10KZPD7132194024,PT59VAFQ4112874527,FR,PT,2025-02-15T15:22:42Z
6629.09,HUF,BG55PQLP4639138107491619,DE36FHUE5401315350,BG,DE,2025-06-15T12:58:14Z
1421.00,PLN,CA49CNRI52527410254717,CZ74RTWT88566948993005,CA,CZ,2025-05-25T02:49:48Z
3017.24,PLN,FR55OLVM558422717266,PL17YULM04607001441306,FR,PL,2025-09-22T15:43:32Z
4936.83,AUD,SE05ZWQO0066890417,HU17REAP2381152232822282,SE,HU,2025-07-22T11:22:18Z
814.35,SEK,AT19QGLT00410847913511,NL31LVAY35722892064157,AT,NL,2025-09-11T18:54:54Z
3560.17,DKK,DK30AERA0419453419,BE42YEZY4478674280,DK,BE,2026-02-12T03:37:32Z
1784.07,PLN,IT78HAMH78037891213974,DE30XMTS5585575994,IT,DE,2026-03-08T10:37:40Z
3564.22,SEK,BG73XANT9045289860610656,NL58HHOY57016527613681,BG,NL,2025-05-25T21:57:46Z
2007.50,BGN,AT45HUAQ37699296444772,PL41ZZAR23242348004172,AT,PL,2025-04-19T18:02:21Z
1005.91,CZK,AT50TDKR57490627960242,FR47OBHY329594523158,AT,FR,2025-07-11T12:58:00Z
642.62,AUD,ES02ETNM991721742922,SE03JCNO153926693706,ES,SE,2025-08-06T02:53:38Z
1097.07,RON,IE27DHSF4850220619,ES06DSHU359379719000,IE,ES,2025-01-26T15:28:51Z
3084.79,GBP,HU55DMEF64718559407992,NL29AJZY32316778145647,HU,NL,2025-09-23T07:43:45Z
33.33,NOK,AT78JYLG1776665052,IE84PUYN2092815780,AT,IE,2025-04-02T20:42:27Z
3989.27,USD,CA07EEHC6787067635,RO31EEGV1859212684856371,CA,RO,2026-05-01T09:52:02Z
413.84,RON,DE24ABAX753989231324,AT55LTVU6932784178376591,DE,AT,2025-08-31T00:04:04Z
1855.76,BGN,CH12DYIV6526642673,PT47CZEP455337565697,CH,PT,2025-02-02T00:50:46Z
1456.30,SEK,CA75NFFI51046250692965,LU49RKDE6276729350,CA,LU,2025-08-16T23:19:58Z
3759.49,DKK,CZ87IECE4650223477,AU70WWVX4579725184,CZ,AU,2025-07-19T22:17:43Z
1536.63,EUR,BG29UTQE4782337209,HU89WIKC7670636328630112,BG,HU,2025-06-08T03:35:56Z
7448.11,RON,ES92VQJQ26483336796082,NL88RTMP3605494692,ES,NL,2025-02-08T01:37:09Z
6230.13,CAD,NL72WBDG495193500115,DK37MDPL8038890441,NL,DK,2025-08-06T10:18:20Z
794.43,EUR,BE44MMQK3538148374,AT58KLQB090168564717,BE,AT,2025-02-19T14:42:17Z
92.90,JPY,AU04EOZV6988371611,DK46QMNZ1199767598332617,AU,DK,2026-04-18T09:38:25Z
72.21,RON,BE26LGIL9565728535,CH30HSUS426621775801,BE,CH,2026-02-21T13:32:17Z
4211.19,SEK,RO54RPTG3028532727,CH96MNSR451502528546,RO,CH,2025-11-27T08:35:03Z
4072.45,EUR,FR24ARSP073827777118,IE37EKEW8630900712102423,FR,IE,2025-12-29T19:40:06Z
1678.78,JPY,AT44XVPW7196199716596566,RO98ONJB8334400952242653,AT,RO,2025-02-10T06:09:49Z
7878.34,CHF,AU16CSCY39070547360157,CZ81SDCK1016260080,AU,CZ,2025-05-22T14:17:56Z
2056.44,CAD,ES85IOKT8335488357192149,US51PSCI3866432031726652,ES,US,2025-06-12T06:49:44Z
1248.43,JPY,SE33SFXP400020860146,ES02KCSA43271630335636,SE,ES,2025-09-16T16:55:23Z
4469.51,HUF,CZ01CBBX9089931878,BG14XAZJ2835415892,CZ,BG,2025-06-05T22:40:09Z
2430.76,EUR,CZ06IWHU6613662808122681,RO44YSJY4705311058330967,CZ,RO,2025-06-28T17:39:25Z
2411.64,NOK,PT17DRSD26937650167671,CZ65PPME636885016276,PT,CZ,2025-08-14T10:01:00Z
509.58,GBP,IT55OQWQ9376165228,PL82TVWR7499359812,IT,PL,2025-12-02T17:49:28Z
1619.62,DKK,CH19NKTP4083858050141716,CH42PRSG2956518871,CH,CH,2025-12-28T01:29:29Z
9431.18,RON,HU54BBUL0924492878,FR62LUOB029301125018,HU,FR,2026-02-13T05:33:39Z
1701.12,EUR,US73YAMV22233693180620,HU01ZPUG2426624975,US,HU,2025-05-13T18:05:35Z
3318.96,HUF,IE03WZKP4469567406,NO69PZGL45345146688658,IE,NO,2025-08-12T21:56:07Z
5151.68,CZK,PT25ZJRX586267366485,RO30EAVZ7587089432698344,PT,RO,2026-01-29T13:08:05Z
2933.06,DKK,IE04LAYX50509284672007,CA25IFYT907737295450,IE,CA,2026-02-20T23:47:05Z
73.48,BGN,IE17KRLD02045028143531,DK17OTIY379531112359,IE,DK,2025-11-24T13:14:47Z
457.41,RON,NL23OIER6251085738385545,LU10IUYN9193511745,NL,LU,2025-10-06T01:02:21Z
2883.12,HUF,GB89BYNE2816733746121575,CH54XXYX641260848187,GB,CH,2025-12-19T10:36:54Z
2224.85,EUR,US54SHCT3039951670450599,IT69EEVW7312343888048514,US,IT,2025-02-15T23:46:07Z
393.36,EUR,HU31MJLB823134275576,ES59FTTC5490443183,HU,ES,2026-04-18T02:20:17Z
1432.21,CHF,HU47HZCB977115062917,AT77EMZK7328162910,HU,AT,2026-04-23T17:07:17Z
4289.34,CHF,SE20DSRH9157376710529877,NO00OUJL5304450020,SE,NO,2025-05-01T20:57:47Z
3391.88,AUD,ES31RPRT3450295867,HU97MBHU4093467541,ES,HU,2026-02-09T11:21:15Z
396.13,CZK,DK69QDBC827210513346,BG07DRJF013882532083,DK,BG,2025-11-26T07:15:51Z
3489.45,BGN,RO66DXYU3603891736907894,DE82PNPF0052141070,RO,DE,2025-10-28T09:16:25Z
691.85,AUD,AU46ZAZU12370851191944,FR46ILNT2965561927671377,AU,FR,2026-03-12T10:52:29Z
3519.78,CZK,RO64NYEN956126678305,FR46PGOD887402234614,RO,FR,2026-01-25T03:47:53Z
1201.19,BGN,AT54GXGA11761421524831,US76MRXN647046568969,AT,US,2026-01-19T21:17:02Z
56.22,BGN,SE70RYHA4837936315,NO73FXEY2706593410,SE,NO,2025-10-21T03:19:44Z
3396.01,AUD,LU74DCRO282471830181,BE57WSYM7578984974,LU,BE,2025-04-23T17:51:56Z
2448.29,NOK,PL40FEDP1486565818,CZ79RVDA1735631631297557,PL,CZ,2025-02-14T04:19:27Z
1356.59,USD,IT77NGPR1938999068,CA21WBDY071675321633,IT,CA,2025-08-25T23:15:28Z
4544.90,HUF,CA60TQKI0490372954,FR47QYKQ563998127439,CA,FR,2025-03-01T17:10:46Z
6042.51,GBP,HU13OZIC581476212360,ES15WRMH54138453156309,HU,ES,2025-09-23T15:49:19Z
3694.97,BGN,IE76MQVX90964598724089,NL77FWDO3516681133973670,IE,NL,2026-01-01T06:54:13Z
323.49,GBP,NO90JAWF22241983063236,BG40JADR4442484202,NO,BG,2025-06-25T19:42:37Z
4133.30,CHF,BG00WTJO5118615640994147,LU44GTRT3705424519,BG,LU,2025-10-13T17:19:38Z
4353.45,BGN,BE09VYCA565942992023,SE61MWMN9229533861941183,BE,SE,2025-10-27T11:03:06Z
4517.29,EUR,CZ39EIUU406628346334,RO86QRTH437518669408,CZ,RO,2025-06-29T00:44:38Z
850.09,HUF,CA31XRFM855074350952,GB97RUQZ94703969645359,CA,GB,2025-08-09T19:20:27Z
995.25,AUD,FR58DZRQ009954288734,NO36XXTU6866798994706170,FR,NO,2025-07-20T20:55:09Z
223.09,EUR,CA79OCCA847156756650,PL83KCRX0167449234359698,CA,PL,2025-07-22T14:49:29Z
9367.79,BGN,CH41YAUK6937540242861789,NL21KZOD02503857626481,CH,NL,2025-08-05T02:44:52Z
3526.20,HUF,HU82JSHY8063585301012789,CA48TKCZ048527758670,HU,CA,2026-02-06T19:12:16Z
1341.16,CAD,PT24XNGI43946896331812,US25HLOV1707317445776262,PT,US,2025-02-10T01:59:46Z
1470.70,AUD,US89BQTR7475944348529537,IE95OZIA767687404207,US,IE,2025-09-01T05:45:27Z
210.86,CAD,CA56LGJC5733099000,AU73IXBZ5658234453856535,CA,AU,2026-04-09T12:39:05Z
2824.97,RON,IT55BUVV0470911034,PT74YVLN1998996511,IT,PT,2025-11-16T17:06:45Z
5445.98,PLN,DK27XOZI6144776186870479,FR52MVUZ8290525659950891,DK,FR,2026-01-26T05:05:13Z
3022.49,GBP,LU00XFSW764054739862,BG19CIBL3186604747,LU,BG,2025-06-29T20:32:31Z
2234.76,SEK,IE32OXXQ24744203594410,PT95VFXH3518664774131351,IE,PT,2025-03-12T03:06:10Z
22.75,CHF,SE65LGIN81539885217895,RO43TZTB12865581675923,SE,RO,2025-10-04T00:02:44Z
256.36,RON,DK39RYSC0381463429,PT22JFDW97309121852734,DK,PT,2025-06-21T03:25:16Z
3216.93,JPY,DE25HCKU53015303044077,DE68CVWD9659845576,DE,DE,2025-03-10T10:41:45Z
3459.87,CHF,BG41JDZR991269945206,CA39VCTX0616691008,BG,CA,2025-08-26T05:34:04Z
2728.75,GBP,HU94DMRE8221756269962083,ES80IPSZ0059325722,HU,ES,2025-04-15T01:53:47Z
127.01,NOK,DK20EABU4859724387129514,HU42FWZB80286060480224,DK,HU,2025-06-06T07:19:29Z
1111.30,HUF,NL61IOZM09041898566430,CA12MKUL2388788876569931,NL,CA,2025-08-22T08:31:52Z
7985.34,PLN,PT82EESA1386047947,US10YSTA803514895382,PT,US,2025-11-20T15:40:23Z
921.57,JPY,BG91YDIO5347283951,PL94NPGU9532670848,BG,PL,2026-04-03T14:01:03Z
2465.03,RON,SE42MWVE582282801832,US31LGBN68467678096458,SE,US,2025-11-18T11:07:27Z
3312.27,JPY,IE41SPKE3531755592,NO64WTPI4114862675119976,IE,NO,2026-03-23T06:03:17Z
781.69,CHF,LU45ZKCY64196789630093,CH44XQFB6301597224,LU,CH,2025-11-12T13:13:10Z
824.92,SEK,ES95GJYV766809846018,ES04IAZG480153735866,ES,ES,2026-02-25T13:21:46Z
1062.32,BGN,NO34NALH609674627205,FR95GMWZ99119285672850,NO,FR,2025-07-22T21:23:41Z
5327.65,BGN,IT41XZUV830775582126,DE23NIGT67844607890751,IT,DE,2025-10-05T14:43:55Z
2108.12,CZK,RO77QCOP51294414925316,PL35TRFQ859747765659,RO,PL,2025-03-19T17:09:31Z
1123.15,EUR,BE92TIUZ436877156922,NO92ASIY7634153597,BE,NO,2025-08-24T08:11:14Z
2727.54,EUR,AU15KUIO3494314872255785,FR51IDHK74168557395232,AU,FR,2025-03-27T06:37:51Z
1076.10,CAD,DK99VXSZ79475816602841,GB99GNFH470407146971,DK,GB,2025-01-14T17:04:29Z
2229.19,PLN,LU37DRLW95083745601703,NO77MDAC5900170679490786,LU,NO,2025-07-10T17:30:44Z
7214.13,GBP,BG40VDMW159389676353,CZ54PHLV89607072288341,BG,CZ,2025-08-31T19:18:23Z
1060.35,HUF,PT96GTAC30974274936635,IE61WYXS7148030073565826,PT,IE,2025-03-24T16:45:12Z
9155.08,GBP,NL23VNHX9412886691122321,SE33UVFK611978925946,NL,SE,2025-09-24T04:29:12Z
2481.08,JPY,CH48LWGF54411818513673,AU65AVKE3881937684,CH,AU,2025-07-31T22:15:45Z
5703.28,HUF,FR10IMVE014833354011,DK23OFRG0308764770906761,FR,DK,2026-01-21T18:19:18Z
1564.87,HUF,DK94TLAP7162172048886804,IE13QMSH3264564967,DK,IE,2025-04-23T03:27:39Z
2373.52,DKK,AT04KWVY906490970342,FR43VDWT0181589136829670,AT,FR,2025-11-08T16:21:53Z
314.53,GBP,AU31CTHU2526022169088754,LU65AETH583843910657,AU,LU,2025-09-15T23:03:02Z
221.61,RON,IE43IMSG10214012833195,CH47QUSW9903597177170305,IE,CH,2025-08-30T22:45:03Z
5953.84,NOK,CA38CEIW0516483895337684,SE14YROY7760064345973173,CA,SE,2026-03-22T03:54:24Z
488.14,CHF,BE53XXXO74510484809473,IE14RCLM5427079959,BE,IE,2026-03-27T14:40:12Z
1622.96,HUF,BG13DBPS6475456572897226,AT87SGJQ40390984685606,BG,AT,2025-04-02T03:52:46Z
2275.90,CZK,US08GQEN0977779570399626,PL28POSF1107351289622068,US,PL,2025-11-13T16:31:08Z
564.23,JPY,HU24VYHB399344606069,IT33WHVA9523578652941285,HU,IT,2025-06-30T01:35:32Z
4500.14,CZK,IE48IIQR48753119804255,NO39EQZA37642550786887,IE,NO,2025-01-26T15:16:53Z
2839.73,EUR,DK29XSEF3170195866,US26SYSV879872873142,DK,US,2025-02-02T15:44:33Z
3989.88,CAD,AT73DPVS4416033288807005,PL10WBFQ4512022017545416,AT,PL,2025-05-15T21:39:04Z
2416.76,NOK,LU07IMNE5015269744203607,SE68YKJX309587238368,LU,SE,2025-02-22T22:25:21Z
1389.88,EUR,BG33KOTE267148581970,HU12LBXD7972092519201828,BG,HU,2025-03-10T07:01:55Z
644.19,CHF,GB72OAIS795829158551,ES09NGZT1492075741424873,GB,ES,2025-04-27T00:55:01Z
1218.28,GBP,PL76CQRH2497736772,CA96IJGU35497872965715,PL,CA,2025-09-26T14:40:59Z
919.20,RON,US86UBFT3480424796,BG06UAXB09165737624266,US,BG,2026-02-07T18:03:03Z
373.47,RON,BG33TEBH9309140152731172,BG23MJCI5690018429335984,BG,BG,2025-10-12T06:07:33Z
430.68,GBP,AU81HZYU96677153902262,AT94JOXY650032990900,AU,AT,2026-02-23T10:10:13Z
1510.56,RON,CA82JJEO3554042316979206,AT56LZIS934396904539,CA,AT,2025-02-22T11:17:30Z
480.47,CAD,IT71WHKO381330734533,BG06FHNJ2247409853,IT,BG,2025-12-31T03:14:57Z
142.33,GBP,BG44BKCM2325107155,AU41RPBZ04224564119925,BG,AU,2025-06-28T18:20:05Z
967.89,GBP,GB04PYQC3505349419,DE91PDKW5571663282463061,GB,DE,2026-02-01T15:59:03Z
4778.61,RON,CA84LWNH20076150420598,ES84MQZL9771433608090101,CA,ES,2026-02-21T16:05:30Z
253.44,CZK,AT93GTEP8930461638,CA66DNQP18569050965688,AT,CA,2025-02-08T21:05:44Z
485.26,NOK,IT01PEWP081472373564,US02OQHX8306978999,IT,US,2025-01-27T14:55:45Z
737.95,PLN,GB77RGNO4674906688,FR92NOLC71164560595634,GB,FR,2025-08-09T15:10:49Z
126.12,SEK,IE83OGSE0258565337,DE90PPZH3167871926,IE,DE,2026-05-02T02:04:14Z
1983.45,JPY,FR01DEIV2545500549,GB04QXXB976738872461,FR,GB,2025-04-30T09:09:21Z
565.74,EUR,US31QHYV0091435294,PT79HAPW17996546628973,US,PT,2025-08-08T02:41:46Z
2327.20,SEK,GB20EKEO60022302340567,FR57DFLC89041828051666,GB,FR,2025-10-21T06:49:37Z
4037.60,SEK,BE27SEPQ47909863615276,BG78KRZZ44202248248863,BE,BG,2025-05-20T13:43:01Z
1548.37,RON,DE09JLBH1802669141,IE77YHVS0610471891199256,DE,IE,2025-12-25T20:44:39Z
386.84,DKK,RO92PNRR410341413181,RO14RUDJ5132517904,RO,RO,2025-08-24T22:45:14Z
1745.54,EUR,AT00SXIZ6714878310,AU25DIZZ64572275794074,AT,AU,2025-11-18T14:50:01Z
4878.21,CHF,NL33ITUS0933913694126410,IE49AHFN5318057631010896,NL,IE,2025-12-16T07:38:31Z
1307.42,JPY,HU21KHMB4004748679486989,CH34QIQC0361007701773759,HU,CH,2025-03-15T11:51:54Z
4138.98,CHF,AT56QDDC1960049021444155,CZ75NOIH384965523917,AT,CZ,2025-01-29T17:12:46Z
593.84,RON,RO46HAYB99926653619773,NL13OGSJ2487238586539276,RO,NL,2025-07-01T20:39:15Z
243.62,PLN,DK30ISGZ7967060558,AU82DPHK9211625069893546,DK,AU,2025-03-02T18:30:56Z
4282.59,CHF,AT88TOAD55703934271866,US95SELK905092600011,AT,US,2026-02-20T15:15:44Z
4260.05,USD,RO09NCSO844981213008,BE65EUYG69908672331044,RO,BE,2025-11-26T10:24:03Z
2820.61,NOK,SE80HUNL61922188220631,FR67XMJD6130236416936835,SE,FR,2025-12-29T02:40:11Z
172.01,DKK,HU55IAHE919325282671,CZ22MTHO99952252964448,HU,CZ,2025-12-26T04:31:59Z
6372.05,HUF,LU54YWXR8111433064098058,IE63PCKK90627879025912,LU,IE,2026-05-05T04:12:25Z
775.64,CZK,NL30OFDN660323584180,BG22TKLV7379395795519247,NL,BG,2025-10-31T01:21:39Z
191.83,USD,LU86GMOA862567611258,RO37XFGG0805630829,LU,RO,2026-01-08T10:14:05Z
12887.10,JPY,IT17QOHF0788312736,HU45YJRL207201970842,IT,HU,2026-03-10T21:25:18Z
4425.08,JPY,DK55VWFP3651295551005108,NO14TJWR22623003607223,DK,NO,2025-02-23T20:51:58Z
3425.30,GBP,CH29AWGV24375391692809,BE14NWMH6696874033,CH,BE,2026-02-15T20:17:19Z
816.88,CAD,NL08AMDN4970084458015176,LU38ESNW809241150509,NL,LU,2025-07-16T07:03:36Z
9568.47,DKK,CA12XXYG5255232280,CZ41QRGO4354047625395011,CA,CZ,2025-11-19T21:15:11Z
434.38,HUF,FR40QVNF7888260317489030,CH32LZRZ9718614229,FR,CH,2025-09-10T03:25:36Z
996.52,CZK,IE84XLTF5596757799,GB11DVGZ9830457627451160,IE,GB,2025-08-18T03:30:30Z
4725.01,BGN,DK73OBZY5221336896,PL07AQGI6128989930746113,DK,PL,2026-02-17T03:13:46Z
2548.55,HUF,PL76EODU60338788528589,CZ65MQUD39763090073794,PL,CZ,2026-03-25T09:57:07Z
4738.03,DKK,CZ35KOVU44107692626543,PL38YOLS6043598398,CZ,PL,2025-08-19T20:00:09Z
3101.20,PLN,CH94BOZT5857837568167843,HU39VBPW071776135007,CH,HU,2026-03-17T22:32:30Z
1228.17,CHF,SE19GGWW40336999528502,DK28CYEV5327355149724903,SE,DK,2025-05-02T17:30:48Z
780.38,CHF,ES09JNZT09355557020061,ES60ICGN45947612189391,ES,ES,2026-01-14T11:54:33Z
2826.26,NOK,HU53KAOX1222830564468530,ES32LLKZ95026356077789,HU,ES,2025-01-12T01:59:45Z
3945.67,BGN,RO82EPNG4600823696,AT92VENS2220975506,RO,AT,2025-06-30T06:24:42Z
2326.29,HUF,FR82OAXC12003934490769,AU60FDMF8333919296,FR,AU,2025-12-02T06:50:10Z
299.30,GBP,HU28APCF600822837742,CZ58YBKJ78872820632280,HU,CZ,2025-09-19T21:23:52Z
9329.44,AUD,DE06JINW5895247609606472,IT88UIKF73787477884070,DE,IT,2026-03-06T20:14:27Z
796.64,DKK,BG61OOYB1298897284268092,BG65ZEMV6417005371,BG,BG,2025-09-05T01:26:54Z
85.60,AUD,HU93WMRQ3166479512,SE59SQGD428535416019,HU,SE,2025-10-28T17:47:32Z
2032.89,DKK,CZ71AQOA7086715207,DE59UDXB4043368957967246,CZ,DE,2025-07-23T06:16:41Z
992.97,EUR,DE11BSAB0178502050254972,RO87YUHW010297599747,DE,RO,2025-02-22T07:56:08Z
2724.72,PLN,RO81HTNK4425269420416415,BG99XGOJ5133793766,RO,BG,2025-09-17T05:47:17Z
1483.30,DKK,PL14XVMY8557174905,RO66JTXM4499080358,PL,RO,2026-02-19T10:31:31Z
3316.08,JPY,US56IIKA3245352791111085,IT88CRIN8985932135961830,US,IT,2025-10-04T02:42:58Z
2965.08,CZK,RO88RAYB264259720554,AU69FSQP9214749847,RO,AU,2025-08-02T14:20:21Z
873.79,EUR,AT31ODPX72146172758045,US18TFNO9889798877544584,AT,US,2026-03-30T12:12:41Z
672.66,USD,AU14TEXS605962751934,AT48HQTA2484479365,AU,AT,2025-01-04T07:37:28Z
5453.84,BGN,CA52RZME307065948053,FR13MBEW743303727186,CA,FR,2025-10-07T17:31:17Z
837.13,GBP,HU45NGCZ2138078287,HU69YZBM1545985866356541,HU,HU,2025-12-21T15:02:57Z
2476.37,GBP,SE87QFKE2886690594,NL49SWTQ28828470520313,SE,NL,2026-03-04T22:55:28Z
2399.61,RON,RO58CZXY320366864277,IT69MENR27287603208778,RO,IT,2026-03-08T11:02:36Z
8763.17,NOK,IE52FVRH455735623277,LU82WYBB53585973027322,IE,LU,2025-01-06T15:12:31Z
6458.99,RON,DK02JWFZ02555468939770,GB37DDNP5964673865,DK,GB,2025-12-15T02:20:57Z
882.07,EUR,US65VIXV7332291248955877,CZ03AVNF945994264076,US,CZ,2025-08-05T08:18:53Z
2258.45,SEK,NL07CEWB398013871628,HU28HLNR5810801533,NL,HU,2025-06-10T06:15:03Z
4128.17,RON,AU51OAEU7287156596957945,LU63KSKT50553629171485,AU,LU,2025-09-11T06:31:22Z
635.83,SEK,AT20WKEX20788216511921,DE38LPJW52030276947308,AT,DE,2025-09-25T22:46:56Z
7544.48,JPY,DK93LVHF2440293634,ES82ZZAS12180525795990,DK,ES,2025-05-27T10:52:47Z
6479.10,JPY,BG77ICEZ254601891134,NL94XHIZ71339962768612,BG,NL,2026-01-07T15:00:28Z
4279.49,JPY,NO98DEAY913813014948,IE04FTQT8881966452,NO,IE,2025-04-01T01:55:19Z
2124.21,RON,PT75BQEC356831723667,FR06JWWC1038919187405013,PT,FR,2026-03-24T04:05:57Z
3604.91,EUR,PT34ZISL0714876507752572,IT28CMYX160378110570,PT,IT,2025-07-13T09:59:00Z
1192.53,DKK,PT07NMOA5994696693,PL91EYHG0071580097140863,PT,PL,2025-06-09T19:54:37Z
886.43,CHF,IE96MKRY4488839237590972,IT18QKRW585455139196,IE,IT,2025-01-24T18:48:47Z
931.61,BGN,NL99YHNP873693238004,PT88HNIO84664867416371,NL,PT,2025-05-09T05:33:34Z
647.88,AUD,ES42LFSO6014584081144157,BE22RDWJ611686114603,ES,BE,2025-12-22T05:57:56Z
1817.23,USD,US51XXAZ55465426836843,DE63OCIZ3445459566,US,DE,2025-05-10T05:39:30Z
12225.22,CHF,NL11TNUE723869742173,NL49ZQHR09570934099165,NL,NL,2025-03-08T23:30:00Z
181.44,USD,BE88ZIYY3484843770,DK01WNFZ9595142954496695,BE,DK,2025-11-16T21:41:15Z
221.83,RON,AT89WLNE5280016173447945,ES74FHKV6383264897,AT,ES,2026-01-05T16:53:38Z
7784.46,PLN,BG06COAO2945761304,DE99SJRJ4235528337,BG,DE,2025-02-05T20:54:41Z
4148.59,SEK,IT51VPSR3026564771,RO10KQRE8708941079,IT,RO,2025-10-06T23:58:26Z
318.48,AUD,FR51IIMW1983097542,FR93YJPG23774877007881,FR,FR,2025-08-22T13:23:38Z
694.51,CAD,HU12FCYU8226799096,ES85MNXA865383957164,HU,ES,2025-09-17T16:26:35Z
359.51,SEK,US98WAAG0907037808866932,RO04PZZY9834849267,US,RO,2025-03-26T05:02:45Z
5011.50,NOK,AT78NLBP45657267654198,DK20QDOS77950034522026,AT,DK,2025-05-17T16:55:21Z
11978.37,DKK,IT07GEXM52573309074063,US42CNQK247675125837,IT,US,2025-06-25T08:37:20Z
10253.58,DKK,HU92ZLGM9332763342285628,PL29OEZH2259310337008942,HU,PL,2025-02-18T00:56:40Z
6857.82,JPY,HU26XOAI333188384561,PT16LUPR4737198517,HU,PT,2025-01-27T10:21:10Z
1218.95,PLN,CA83UMJL44215783792640,PL41GWEU3968859342883903,CA,PL,2025-01-13T20:44:51Z
6025.82,DKK,CZ86VQGV150321985965,AU46YCVV2506668606,CZ,AU,2025-12-31T02:06:59Z
11633.49,CHF,HU53PCJS3289591038524276,AU21EDKL3743963994959403,HU,AU,2026-01-19T20:47:05Z
966.57,CAD,DK53LNYV31708730021027,PL26MVMH567322348749,DK,PL,2025-08-11T03:21:48Z
1389.18,USD,PT00ZDSD9048866073,CZ95ENJJ8937859541760909,PT,CZ,2025-11-01T00:54:50Z
6267.57,USD,PT98WVVL0457346694,NO32PZGW878052890566,PT,NO,2025-08-16T07:07:30Z
532.07,SEK,GB38XOOC743450968593,DE64BMFX02308996469243,GB,DE,2026-02-26T05:35:00Z
723.99,CAD,AT76KFDF5603871088,IE05GKJN66049037647476,AT,IE,2025-11-12T02:48:11Z
3384.87,PLN,PL54CFFD03965586819004,FR15KQTH352866013855,PL,FR,2025-03-05T15:04:22Z
2206.45,GBP,NL24ZQAD1245718158,NL07MXUZ9499913650,NL,NL,2026-01-10T07:38:46Z
2143.62,USD,GB28SNRO8671708049,CH18TGWF07196129332134,GB,CH,2026-04-06T16:28:35Z
8158.10,GBP,PL72YZIB3717758856,GB19WOIR6611262030,PL,GB,2025-02-02T16:38:16Z
1158.46,RON,US54KPVC118601811239,PL77HGBF59879206231459,US,PL,2025-02-27T00:52:20Z
2909.07,PLN,CA13ASWM9680450521,DK08EYBG0816418044608197,CA,DK,2026-04-16T03:37:46Z
4080.75,EUR,FR30INSK49506095806274,LU43MNTR985907429414,FR,LU,2026-03-05T14:29:59Z
2682.81,DKK,ES79LOUO2538476691953016,RO36PEQU1746859026297611,ES,RO,2025-08-14T12:37:33Z
3661.40,GBP,US51NAYG98246896701656,US20PXPV02157231252423,US,US,2026-02-24T13:00:02Z
4398.80,CAD,CH04AQKX96172150520535,ES25YCGX8456059934,CH,ES,2025-10-31T03:18:54Z
405.60,CHF,RO00TCES43141408783437,ES61SYRE02116823137998,RO,ES,2025-04-06T23:41:23Z
2648.11,USD,DE87SMEJ657896355877,SE36YLEN488823725442,DE,SE,2025-02-03T02:46:03Z
566.99,CAD,ES08OQVR805034553882,HU65PFAI6766608288745871,ES,HU,2025-04-01T16:28:22Z
2458.20,EUR,RO26CVGW8593152621074144,ES28AUDA1445299645744331,RO,ES,2025-09-01T10:18:36Z
1630.17,RON,CZ87LHHH97296970100343,CZ37JTTP85861888178602,CZ,CZ,2025-04-06T03:13:39Z
2234.65,DKK,FR77IGON827490331222,GB29TKIR7047314836,FR,GB,2026-01-23T16:39:50Z
1540.69,JPY,DK32AOAH6656007622821282,AU15SGQN784726439330,DK,AU,2026-01-21T12:59:55Z
2207.11,PLN,AT72FVYB6604853123443584,GB74RCDQ65124210637817,AT,GB,2025-12-01T16:20:49Z
2048.41,JPY,BG48IUQD6595585942,NL09THPS136365972767,BG,NL,2025-06-25T04:05:09Z
1617.81,NOK,CA72GLZR1341749195380884,SE22NZPE399076150011,CA,SE,2025-10-12T08:44:00Z
281.86,DKK,DE67AJJF647921499010,IE92QMDZ4790499157380679,DE,IE,2025-08-28T04:34:17Z
2744.83,NOK,PL57FBSV1023726432058699,US56FILT1557932770115491,PL,US,2025-10-28T16:09:02Z
576.43,NOK,AU93NASN68888610859735,RO64MPSJ364470263276,AU,RO,2025-05-23T01:15:57Z
5408.51,AUD,NO76MZZI87669494715534,RO56IKUB405377290848,NO,RO,2025-09-30T08:35:34Z
5270.50,CAD,CZ33KAHO48078053833856,US74GFXT3696480407,CZ,US,2026-04-30T11:25:15Z
143.39,CHF,IE11LAXM240510265838,AU57USNG467464660332,IE,AU,2025-08-02T11:19:20Z
3829.77,RON,NO60IDKT094101027607,PT68DVTK6484977973,NO,PT,2026-04-27T01:10:09Z
4971.20,CHF,SE54CIIG75478935052602,PT97OAXM5670718129236139,SE,PT,2025-01-17T21:02:17Z
1694.11,CHF,FR46TUSQ13376870580791,ES97BUZY5106407078384784,FR,ES,2025-07-16T22:34:54Z
27.72,HUF,SE66YLOG5404492728090317,PT70QHZV4316785984440889,SE,PT,2025-07-17T12:35:33Z
61.62,CHF,CH80BOUL0526990152302999,PL51MGHA356540307991,CH,PL,2025-05-25T14:50:23Z
3961.04,HUF,GB23VOGF1295318500,LU37EGCV068204810930,GB,LU,2025-02-16T16:44:37Z
849.79,SEK,GB27QLOY9739824553815182,AT62EVGY642951852557,GB,AT,2025-12-15T04:41:02Z
1877.23,HUF,RO84XCKK3081969544,CA94QOMD04884915089244,RO,CA,2026-02-13T12:23:29Z
105.85,JPY,CA03ONTL59355881082277,BG99KJOY7745925412387249,CA,BG,2025-09-16T05:03:34Z
1587.90,DKK,IE02PBWJ59484967416623,NO86SKZN1255935027674906,IE,NO,2025-01-30T22:23:26Z
421.65,HUF,AT62EVPM31451341700545,FR43RHZJ59556216833576,AT,FR,2025-04-29T20:56:15Z
2056.24,EUR,CA45YAJZ0860431715,SE42VPRK197933686093,CA,SE,2026-04-21T22:42:05Z
1363.83,PLN,DE73QQRL1055839111,RO47GFBF4009333963790203,DE,RO,2026-02-11T14:58:26Z
1484.46,PLN,DK83CRRT844781676634,DK17XARH81242664742644,DK,DK,2025-05-12T16:49:19Z
2613.04,NOK,NL98VYFY9663795818774499,LU21JMQO4469399531,NL,LU,2025-05-31T18:44:27Z
1437.91,HUF,CH83EGTI2690896496,CH49NVZQ1822923246,CH,CH,2025-08-30T12:34:21Z
514.69,GBP,DK28OGHP06138674857830,NO33ZKKS5765786800551267,DK,NO,2025-02-10T17:47:09Z
2549.22,JPY,HU33GNHF0561465344200421,CA87QNOI1520351919850565,HU,CA,2026-04-13T07:39:01Z
634.36,CHF,HU40BRCU32298766327904,FR16GGRD6089170052,HU,FR,2026-03-02T02:58:24Z
1881.89,USD,ES58UYJS5990527025996114,CZ27KQGB07751306109221,ES,CZ,2025-09-29T12:29:21Z
1521.98,DKK,US25ODJO204319274312,DK52NNLM2336165580,US,DK,2025-09-21T10:15:20Z
1512.42,JPY,CA43ENOE3670275100,ES45XVNR0690571121816793,CA,ES,2025-09-15T16:23:46Z
4017.58,CAD,IT73ZHYW054849516570,IE56SJGE8302426468,IT,IE,2025-05-26T17:33:07Z
2881.89,BGN,CH73AEXB11548805109334,HU50YLXH633057543700,CH,HU,2025-03-27T17:25:25Z
828.55,BGN,PL98IHOO2170470125,DK90WTFR397178568176,PL,DK,2025-11-12T01:18:46Z
94.76,CAD,CZ12PXHW010559169833,AU91UCPS647089440654,CZ,AU,2026-04-15T09:05:20Z
1017.35,CZK,GB47OAVP5094620785622719,ES84FNAY611868010936,GB,ES,2025-06-07T09:19:53Z
177.06,PLN,NL73ARCU0032762805877770,PL10IVSO682119569646,NL,PL,2025-08-05T04:35:56Z
566.00,NOK,NL76LMWZ9220513563,NO93SXVO89250075167486,NL,NO,2025-09-04T22:44:07Z
1128.88,CHF,HU70EXDP4874779359958438,NO30LMTS1252019306469126,HU,NO,2025-04-04T17:02:07Z
234.16,DKK,NO74SGGL031387830568,FR16QZXX5335526202948747,NO,FR,2025-11-23T09:37:50Z
516.40,USD,SE51SVSG51739222931778,FR55KAZH75055777917431,SE,FR,2025-05-03T10:41:22Z
595.64,JPY,ES26LHQW1575092720,RO79IQBX695756294339,ES,RO,2025-09-05T23:31:39Z
1186.30,SEK,FR00ZQRK06943944101042,CA62YXSP93549210181889,FR,CA,2025-12-24T18:25:39Z
6955.18,BGN,CA27EYUS575384811157,CZ04GJOL0164262455462021,CA,CZ,2025-03-30T06:06:39Z
722.41,CZK,IE79WWFE940717343466,CH07ZTKI0060398107951635,IE,CH,2025-10-30T10:41:04Z
2502.95,JPY,ES94FAFF17561680956418,DE93KIDG366502859156,ES,DE,2025-03-08T08:06:49Z
310.87,SEK,BG12VLXP905249221911,CH83JFSS81414013856993,BG,CH,2026-04-21T20:08:36Z
4823.74,JPY,PL41EADF1740209844,FR55TQQQ6594818272913675,PL,FR,2025-11-17T03:44:29Z
1347.10,BGN,CZ88USDK218011308523,FR13LMRY342840224626,CZ,FR,2025-08-01T03:09:06Z
695.98,PLN,NO01EKHY23867077604293,DE83UVVS6674087721075240,NO,DE,2025-05-03T19:10:03Z
617.87,RON,NL47CAWV2472542654168939,IE22PNYX985238182893,NL,IE,2025-01-28T19:16:38Z
8788.01,CHF,US21YORU8070423573189959,HU30CCXN135347050707,US,HU,2026-05-02T15:53:37Z
3212.28,EUR,NO99JSJV3576866213805951,GB78YIRI42259551330591,NO,GB,2026-03-05T10:10:14Z
2180.70,USD,GB84WLDX0967451363,AT51YLXT5041737223,GB,AT,2025-06-11T16:33:12Z
5029.01,AUD,LU64ZZOB238128171899,ES96HLJV5211275963731149,LU,ES,2026-01-14T03:48:38Z
5699.77,USD,PT64MFHB5940038180364851,IE86BBEC414081702846,PT,IE,2026-02-20T13:51:01Z
1998.12,PLN,DE57UZUG149997032043,CA82JVPI344210651004,DE,CA,2026-02-18T23:04:22Z
31.15,USD,US14GDHK57942072239567,NL16VCPM8989878776,US,NL,2025-08-16T00:47:29Z
1160.32,BGN,NO27QPOV2398189397,AU82UZFB87304519455868,NO,AU,2025-02-19T08:59:13Z
3906.98,CZK,DE35DRRV7964031575,HU65KTGS8536205449,DE,HU,2025-06-23T11:28:51Z
505.37,DKK,PT86SKIA3856702071537842,IE07VLLV53544078967788,PT,IE,2025-03-05T00:44:56Z
5234.39,BGN,DK13YBXB2040947112461757,PL68WAID4866718644,DK,PL,2025-04-16T04:29:26Z
3670.75,GBP,ES63BWIS7110187703325704,CA84JHZY7324668997,ES,CA,2025-08-22T11:56:40Z
4169.80,DKK,RO96GUYB38177998992469,LU20JOAJ1301864323,RO,LU,2025-02-16T11:32:01Z
1106.09,BGN,DE47DQZD759170034374,LU25XELM4053625123115411,DE,LU,2025-10-22T08:14:29Z
6320.24,RON,FR81EAMA1369300522144267,PL83HXYL842561161599,FR,PL,2025-01-21T23:40:14Z
788.24,JPY,BG52ZWCR55375826829508,CZ13ITSV02323585935803,BG,CZ,2025-04-21T00:54:10Z
5217.57,CAD,RO65QAKA5078197354425247,HU63PPIJ96493046400606,RO,HU,2025-05-14T03:01:52Z
1789.66,RON,PL49JRNE5537793854609121,DK02IAOF45396016099324,PL,DK,2025-04-16T09:56:36Z
2074.37,NOK,AU17LVZD4316032503943988,NL33IEOR23617949645495,AU,NL,2025-11-05T11:12:19Z
4625.37,CAD,BG14FOXG7427183224,CZ03FGTG2761764040465511,BG,CZ,2026-01-29T20:32:38Z
658.98,AUD,IT15ALAE892074595282,DK56YNPP23935433732783,IT,DK,2025-03-03T17:09:01Z
3428.84,HUF,CZ10LDBA607721434869,CA85ZMZK715573105208,CZ,CA,2025-05-26T07:55:31Z
